/* City */
INSERT INTO City (City_id,City_name) VALUES(1,'Beijing');
INSERT INTO City (City_id,City_name) VALUES(2,'Shanghai');
INSERT INTO City (City_id,City_name) VALUES(3,'Guangzhou');
INSERT INTO City (City_id,City_name) VALUES(4,'Shenzhen');
INSERT INTO City (City_id,City_name) VALUES(5,'Hangzhou');
INSERT INTO City (City_id,City_name) VALUES(6,'Chengdu');
INSERT INTO City (City_id,City_name) VALUES(7,'Wuhan');
INSERT INTO City (City_id,City_name) VALUES(8,'Nanjing');
INSERT INTO City (City_id,City_name) VALUES(9,'Suzhou');
INSERT INTO City (City_id,City_name) VALUES(10,'Dalian');
INSERT INTO City (City_id,City_name) VALUES(11,'Xian');
INSERT INTO City (City_id,City_name) VALUES(12,'Kunming');
INSERT INTO City (City_id,City_name) VALUES(13,'Chongqing');
INSERT INTO City (City_id,City_name) VALUES(14,'Harbin');
INSERT INTO City (City_id,City_name) VALUES(15,'Tianjin');
INSERT INTO City (City_id,City_name) VALUES(16,'Jinan');
INSERT INTO City (City_id,City_name) VALUES(17,'Qingdao');
INSERT INTO City (City_id,City_name) VALUES(18,'Zhengzhou');
INSERT INTO City (City_id,City_name) VALUES(19,'Hefei');
INSERT INTO City (City_id,City_name) VALUES(20,'Fuzhou');
INSERT INTO City (City_id,City_name) VALUES(21,'Xiamen');
INSERT INTO City (City_id,City_name) VALUES(22,'Nanning');
INSERT INTO City (City_id,City_name) VALUES(23,'Guiyang');
INSERT INTO City (City_id,City_name) VALUES(24,'Lanzhou');
INSERT INTO City (City_id,City_name) VALUES(25,'Yinchuan');
INSERT INTO City (City_id,City_name) VALUES(26,'Urumqi');
INSERT INTO City (City_id,City_name) VALUES(27,'Lhasa');
INSERT INTO City (City_id,City_name) VALUES(28,'Kashgar');
INSERT INTO City (City_id,City_name) VALUES(29,'Changsha');
INSERT INTO City (City_id,City_name) VALUES(30,'Taiyuan');

/* Hotel */
INSERT INTO Hotel ( Hotel_id , Hotel_name , Hotel_star , Hotel_Addr , Facilities , City_id) VALUES ( 1 , 'Beijing International' , 5 , 'No.1 Chaoyangmen Outer Street, Beijing' , 'Pool, Gym, Spa' , 1 );
INSERT INTO Hotel ( Hotel_id , Hotel_name , Hotel_star , Hotel_Addr , Facilities , City_id) VALUES ( 2 , 'Shanghai Peninsula' , 5 , 'No.32 Zhongshan East 2nd Road, Shanghai' , 'Gym, Spa, Restaurant' , 2 );
INSERT INTO Hotel ( Hotel_id , Hotel_name , Hotel_star , Hotel_Addr , Facilities , City_id) VALUES ( 3 , 'Guangzhou Baiyun Hotel' , 4 , 'No.367 Guangzhou Dadao North, Guangzhou' , 'Pool, Gym' , 3 );
INSERT INTO Hotel ( Hotel_id , Hotel_name , Hotel_star , Hotel_Addr , Facilities , City_id) VALUES ( 4 , 'Shenzhen View Hotel' , 5 , 'No.1001 Shennan Avenue, Shenzhen' , 'Pool, Spa' , 4 );
INSERT INTO Hotel ( Hotel_id , Hotel_name , Hotel_star , Hotel_Addr , Facilities , City_id) VALUES ( 5 , 'Hangzhou Lakeview' , 4 , 'No.38 West Lake Road, Hangzhou' , 'Gym, Spa, Restaurant' , 5 );
INSERT INTO Hotel ( Hotel_id , Hotel_name , Hotel_star , Hotel_Addr , Facilities , City_id) VALUES ( 6 , 'Chengdu Cultural Hotel' , 5 , 'No.8 Chengdu Culture Street, Chengdu' , 'Pool, Gym, Spa' , 6 );
INSERT INTO Hotel ( Hotel_id , Hotel_name , Hotel_star , Hotel_Addr , Facilities , City_id) VALUES ( 7 , 'Wuhan Riverside' , 4 , 'No.5 Wuhan River Road, Wuhan' , 'Gym, Spa' , 7 );
INSERT INTO Hotel ( Hotel_id , Hotel_name , Hotel_star , Hotel_Addr , Facilities , City_id) VALUES ( 8 , 'Nanjing History' , 5 , 'No.2 Nanjing History Road, Nanjing' , 'Pool, Gym, Restaurant' , 8 );
INSERT INTO Hotel ( Hotel_id , Hotel_name , Hotel_star , Hotel_Addr , Facilities , City_id) VALUES ( 9 , 'Suzhou Garden' , 4 , 'No.7 Suzhou Garden Street, Suzhou' , 'Gym, Spa, Restaurant' , 9 );
INSERT INTO Hotel ( Hotel_id , Hotel_name , Hotel_star , Hotel_Addr , Facilities , City_id) VALUES ( 10 , 'Dalian Seaview' , 5 , 'No.11 Dalian Seaview Road, Dalian' , 'Pool, Gym, Spa' , 10 );
INSERT INTO Hotel ( Hotel_id , Hotel_name , Hotel_star , Hotel_Addr , Facilities , City_id) VALUES ( 11 , 'Xian Ancient' , 4 , 'No.28 Xian Ancient Street, Xian' , 'Gym, Spa, Restaurant' , 11 );
INSERT INTO Hotel ( Hotel_id , Hotel_name , Hotel_star , Hotel_Addr , Facilities , City_id) VALUES ( 12 , 'Kunming Flower' , 5 , 'No.45 Kunming Flower Street, Kunming' , 'Pool, Gym, Spa' , 12 );
INSERT INTO Hotel ( Hotel_id , Hotel_name , Hotel_star , Hotel_Addr , Facilities , City_id) VALUES ( 13 , 'Chongqing Mountain' , 4 , 'No.123 Chongqing Mountain Road, Chongqing' , 'Pool, Gym, Spa' , 13 );
INSERT INTO Hotel ( Hotel_id , Hotel_name , Hotel_star , Hotel_Addr , Facilities , City_id) VALUES ( 14 , 'Harbin Ice' , 5 , 'No.67 Harbin Ice Street, Harbin' , 'Pool, Gym, Spa' , 14 );
INSERT INTO Hotel ( Hotel_id , Hotel_name , Hotel_star , Hotel_Addr , Facilities , City_id) VALUES ( 15 , 'Tianjin Eye' , 4 , 'No.34 Tianjin Eye Street, Tianjin' , 'Gym, Spa, Restaurant' , 15 );
INSERT INTO Hotel ( Hotel_id , Hotel_name , Hotel_star , Hotel_Addr , Facilities , City_id) VALUES ( 16 , 'Jinan Spring' , 5 , 'No.56 Jinan Spring Street, Jinan' , 'Pool, Gym, Spa' , 16 );
INSERT INTO Hotel ( Hotel_id , Hotel_name , Hotel_star , Hotel_Addr , Facilities , City_id) VALUES ( 17 , 'Qingdao Beach' , 4 , 'No.29 Qingdao Beach Street, Qingdao' , 'Gym, Spa, Restaurant' , 17 );
INSERT INTO Hotel ( Hotel_id , Hotel_name , Hotel_star , Hotel_Addr , Facilities , City_id) VALUES ( 18 , 'Zhengzhou Yellow River' , 5 , 'No.48 Zhengzhou Yellow River Road, Zhengzhou' , 'Pool, Gym, Spa' , 18 );
INSERT INTO Hotel ( Hotel_id , Hotel_name , Hotel_star , Hotel_Addr , Facilities , City_id) VALUES ( 19 , 'Hefei Science' , 4 , 'No.31 Hefei Science Street, Hefei' , 'Gym, Spa, Restaurant' , 19 );
INSERT INTO Hotel ( Hotel_id , Hotel_name , Hotel_star , Hotel_Addr , Facilities , City_id) VALUES ( 20 , 'Fuzhou Culture' , 5 , 'No.77 Fuzhou Culture Street, Fuzhou' , 'Pool, Gym, Spa' , 20 );
INSERT INTO Hotel ( Hotel_id , Hotel_name , Hotel_star , Hotel_Addr , Facilities , City_id) VALUES ( 21 , 'Xiamen Island' , 4 , 'No.22 Xiamen Island Street, Xiamen' , 'Gym, Spa, Restaurant' , 21 );
INSERT INTO Hotel ( Hotel_id , Hotel_name , Hotel_star , Hotel_Addr , Facilities , City_id) VALUES ( 22 , 'Nanning Green' , 5 , 'No.66 Nanning Green Street, Nanning' , 'Pool, Gym, Spa' , 22 );
INSERT INTO Hotel ( Hotel_id , Hotel_name , Hotel_star , Hotel_Addr , Facilities , City_id) VALUES ( 23 , 'Guiyang Plateau' , 4 , 'No.19 Guiyang Plateau Street, Guiyang' , 'Gym, Spa, Restaurant' , 23 );
INSERT INTO Hotel ( Hotel_id , Hotel_name , Hotel_star , Hotel_Addr , Facilities , City_id) VALUES ( 24 , 'Lanzhou Silk Road' , 5 , 'No.89 Lanzhou Silk Road Street, Lanzhou' , 'Pool, Gym, Spa' , 24 );
INSERT INTO Hotel ( Hotel_id , Hotel_name , Hotel_star , Hotel_Addr , Facilities , City_id) VALUES ( 25 , 'Yinchuan Desert' , 4 , 'No.42 Yinchuan Desert Street, Yinchuan' , 'Gym, Spa, Restaurant' , 25 );
INSERT INTO Hotel ( Hotel_id , Hotel_name , Hotel_star , Hotel_Addr , Facilities , City_id) VALUES ( 26 , 'Urumqi Skyline' , 5 , 'No.55 Urumqi Skyline Street, Urumqi' , 'Pool, Gym, Spa' , 26 );
INSERT INTO Hotel ( Hotel_id , Hotel_name , Hotel_star , Hotel_Addr , Facilities , City_id) VALUES ( 27 , 'Lhasa Potala Palace' , 4 , 'No.38 Lhasa Potala Palace Street, Lhasa' , 'Gym, Spa, Restaurant' , 27 );
INSERT INTO Hotel ( Hotel_id , Hotel_name , Hotel_star , Hotel_Addr , Facilities , City_id) VALUES ( 28 , 'Kashgar Ancient City' , 5 , 'No.21 Kashgar Ancient City Street, Kashgar' , 'Pool, Gym, Spa' , 28 );
INSERT INTO Hotel ( Hotel_id , Hotel_name , Hotel_star , Hotel_Addr , Facilities , City_id) VALUES ( 29 , 'Changsha Orange Isle' , 4 , 'No.70 Changsha Orange Isle Street, Changsha' , 'Gym, Spa, Restaurant' , 29 );
INSERT INTO Hotel ( Hotel_id , Hotel_name , Hotel_star , Hotel_Addr , Facilities , City_id) VALUES ( 30 , 'Taiyuan Ancient Town' , 5 , 'No.65 Taiyuan Ancient Town Street, Taiyuan' , 'Pool, Gym, Spa' , 30 );

/* Pictures */
INSERT INTO Pictures (Image_id, Hotel_id, Image_address, Image_desc) VALUES (1,1,'/images/beijing1.jpg','Exterior view of Beijing Grand Hotel');
INSERT INTO Pictures (Image_id, Hotel_id, Image_address, Image_desc) VALUES (2,1,'/images/beijing2.jpg','Lobby interior of Beijing Grand Hotel');
INSERT INTO Pictures (Image_id, Hotel_id, Image_address, Image_desc) VALUES (3,2,'/images/shanghai1.jpg','Night view from Shanghai Tower Hotel');
INSERT INTO Pictures (Image_id, Hotel_id, Image_address, Image_desc) VALUES (4,2,'/images/shanghai2.jpg','Breakfast area at Shanghai Tower Hotel');
INSERT INTO Pictures (Image_id, Hotel_id, Image_address, Image_desc) VALUES (5,3,'/images/guangzhou1.jpg','Poolside view at Guangzhou Garden Hotel');
INSERT INTO Pictures (Image_id, Hotel_id, Image_address, Image_desc) VALUES (6,3,'/images/guangzhou2.jpg','Room view at Guangzhou Garden Hotel');
INSERT INTO Pictures (Image_id, Hotel_id, Image_address, Image_desc) VALUES (7,4,'/images/shenzhen1.jpg','Panoramic view of Shenzhen Bay Hotel');
INSERT INTO Pictures (Image_id, Hotel_id, Image_address, Image_desc) VALUES (8,4,'/images/shenzhen2.jpg','Rooftop bar at Shenzhen Bay Hotel');
INSERT INTO Pictures (Image_id, Hotel_id, Image_address, Image_desc) VALUES (9,5,'/images/hangzhou1.jpg','Lake view from Hangzhou Westlake Hotel');
INSERT INTO Pictures (Image_id, Hotel_id, Image_address, Image_desc) VALUES (10,5,'/images/hangzhou2.jpg','Garden view at Hangzhou Westlake Hotel');
INSERT INTO Pictures (Image_id, Hotel_id, Image_address, Image_desc) VALUES (11,6,'/images/chengdu1.jpg','Traditional entrance at Chengdu Cultural Hotel');
INSERT INTO Pictures (Image_id, Hotel_id, Image_address, Image_desc) VALUES (12,6,'/images/chengdu2.jpg','Tea house at Chengdu Cultural Hotel');
INSERT INTO Pictures (Image_id, Hotel_id, Image_address, Image_desc) VALUES (13,7,'/images/wuhan1.jpg','River view from Wuhan Riverside Hotel');
INSERT INTO Pictures (Image_id, Hotel_id, Image_address, Image_desc) VALUES (14,7,'/images/wuhan2.jpg','Riverside walkway at Wuhan Riverside Hotel');
INSERT INTO Pictures (Image_id, Hotel_id, Image_address, Image_desc) VALUES (15,8,'/images/nanjing1.jpg','Historic view at Nanjing History Hotel');
INSERT INTO Pictures (Image_id, Hotel_id, Image_address, Image_desc) VALUES (16,8,'/images/nanjing2.jpg','Courtyard at Nanjing History Hotel');
INSERT INTO Pictures (Image_id, Hotel_id, Image_address, Image_desc) VALUES (17,9,'/images/suzhou1.jpg','Garden view at Suzhou Garden Hotel');
INSERT INTO Pictures (Image_id, Hotel_id, Image_address, Image_desc) VALUES (18,9,'/images/suzhou2.jpg','Lake view room at Suzhou Garden Hotel');
INSERT INTO Pictures (Image_id, Hotel_id, Image_address, Image_desc) VALUES (19,10,'/images/dalian1.jpg','Seaside view at Dalian Seaview Hotel');
INSERT INTO Pictures (Image_id, Hotel_id, Image_address, Image_desc) VALUES (20,10,'/images/dalian2.jpg','Sunset view at Dalian Seaview Hotel');
INSERT INTO Pictures (Image_id, Hotel_id, Image_address, Image_desc) VALUES (21,11,'/images/xian1.jpg','Ancient city view at Xian Ancient Hotel');
INSERT INTO Pictures (Image_id, Hotel_id, Image_address, Image_desc) VALUES (22,11,'/images/xian2.jpg','Courtyard at Xian Ancient Hotel');
INSERT INTO Pictures (Image_id, Hotel_id, Image_address, Image_desc) VALUES (23,12,'/images/kunming1.jpg','Flower market view at Kunming Flower Hotel');
INSERT INTO Pictures (Image_id, Hotel_id, Image_address, Image_desc) VALUES (24,12,'/images/kunming2.jpg','Balcony view at Kunming Flower Hotel');
INSERT INTO Pictures (Image_id, Hotel_id, Image_address, Image_desc) VALUES (25,13,'/images/chongqing1.jpg','Mountain view at Chongqing Mountain Hotel');
INSERT INTO Pictures (Image_id, Hotel_id, Image_address, Image_desc) VALUES (26,13,'/images/chongqing2.jpg','River view at Chongqing Mountain Hotel');
INSERT INTO Pictures (Image_id, Hotel_id, Image_address, Image_desc) VALUES (27,14,'/images/harbin1.jpg','Ice sculpture view at Harbin Ice Hotel');
INSERT INTO Pictures (Image_id, Hotel_id, Image_address, Image_desc) VALUES (28,14,'/images/harbin2.jpg','Winter view at Harbin Ice Hotel');
INSERT INTO Pictures (Image_id, Hotel_id, Image_address, Image_desc) VALUES (29,15,'/images/tianjin1.jpg','City view at Tianjin Eye Hotel');
INSERT INTO Pictures (Image_id, Hotel_id, Image_address, Image_desc) VALUES (30,15,'/images/tianjin2.jpg','Eye of Tianjin view at Tianjin Eye Hotel');
INSERT INTO Pictures (Image_id, Hotel_id, Image_address, Image_desc) VALUES (31,16,'/images/jinan1.jpg','Spring view at Jinan Spring Hotel');
INSERT INTO Pictures (Image_id, Hotel_id, Image_address, Image_desc) VALUES (32,16,'/images/jinan2.jpg','Garden view at Jinan Spring Hotel');
INSERT INTO Pictures (Image_id, Hotel_id, Image_address, Image_desc) VALUES (33,17,'/images/qingdao1.jpg','Beach view at Qingdao Beach Hotel');
INSERT INTO Pictures (Image_id, Hotel_id, Image_address, Image_desc) VALUES (34,17,'/images/qingdao2.jpg','Sunset at Qingdao Beach Hotel');
INSERT INTO Pictures (Image_id, Hotel_id, Image_address, Image_desc) VALUES (35,18,'/images/zhengzhou1.jpg','Yellow River view at Zhengzhou Yellow River Hotel');
INSERT INTO Pictures (Image_id, Hotel_id, Image_address, Image_desc) VALUES (36,18,'/images/zhengzhou2.jpg','Riverfront walkway at Zhengzhou Yellow River Hotel');
INSERT INTO Pictures (Image_id, Hotel_id, Image_address, Image_desc) VALUES (37,19,'/images/hefei1.jpg','Science park view at Hefei Science Hotel');
INSERT INTO Pictures (Image_id, Hotel_id, Image_address, Image_desc) VALUES (38,19,'/images/hefei2.jpg','Modern room at Hefei Science Hotel');
INSERT INTO Pictures (Image_id, Hotel_id, Image_address, Image_desc) VALUES (39,20,'/images/fuzhou1.jpg','Cultural view at Fuzhou Culture Hotel');
INSERT INTO Pictures (Image_id, Hotel_id, Image_address, Image_desc) VALUES (40,20,'/images/fuzhou2.jpg','River view at Fuzhou Culture Hotel');

/* Room */
INSERT INTO Room (Room_id,Hotel_id,Room_name,Bedtype,Capacity,Price,Area,Descriptions,Total_count) VALUES (1,1,'Deluxe King','King',2,1500,35,'Deluxe room with king bed',22);
INSERT INTO Room (Room_id,Hotel_id,Room_name,Bedtype,Capacity,Price,Area,Descriptions,Total_count) VALUES (2,1,'Deluxe Double','Double',2,1400,32.5,'Deluxe room with double beds',14);
INSERT INTO Room (Room_id,Hotel_id,Room_name,Bedtype,Capacity,Price,Area,Descriptions,Total_count) VALUES (3,1,'Standard Single','Single',1,800,25,'Standard single room',17);
INSERT INTO Room (Room_id,Hotel_id,Room_name,Bedtype,Capacity,Price,Area,Descriptions,Total_count) VALUES (4,1,'Executive Suite','King',4,3000,65,'Spacious suite with king bed',26);
INSERT INTO Room (Room_id,Hotel_id,Room_name,Bedtype,Capacity,Price,Area,Descriptions,Total_count) VALUES (5,1,'Family Suite','2 Doubles',4,2500,50,'Suite with two double beds',8);
INSERT INTO Room (Room_id,Hotel_id,Room_name,Bedtype,Capacity,Price,Area,Descriptions,Total_count) VALUES (6,2,'Premier King','King',2,1800,40,'Premier room with king bed',19);
INSERT INTO Room (Room_id,Hotel_id,Room_name,Bedtype,Capacity,Price,Area,Descriptions,Total_count) VALUES (7,2,'Premier Double','Double',2,1700,38,'Premier room with double beds',21);
INSERT INTO Room (Room_id,Hotel_id,Room_name,Bedtype,Capacity,Price,Area,Descriptions,Total_count) VALUES (8,2,'Urban View Single','Single',1,900,27,'Single room with city view',7);
INSERT INTO Room (Room_id,Hotel_id,Room_name,Bedtype,Capacity,Price,Area,Descriptions,Total_count) VALUES (9,2,'Presidential Suite','King',4,4500,80,'Luxury suite with king bed',13);
INSERT INTO Room (Room_id,Hotel_id,Room_name,Bedtype,Capacity,Price,Area,Descriptions,Total_count) VALUES (10,2,'Junior Suite','Double',2,2000,45,'Junior suite with double bed',25);
INSERT INTO Room (Room_id,Hotel_id,Room_name,Bedtype,Capacity,Price,Area,Descriptions,Total_count) VALUES (11,3,'Grand Deluxe King','King',2,1600,38,'Grand deluxe room with king bed',16);
INSERT INTO Room (Room_id,Hotel_id,Room_name,Bedtype,Capacity,Price,Area,Descriptions,Total_count) VALUES (12,3,'Grand Deluxe Double','Double',2,1500,35,'Grand deluxe room with double beds',24);
INSERT INTO Room (Room_id,Hotel_id,Room_name,Bedtype,Capacity,Price,Area,Descriptions,Total_count) VALUES (13,3,'Comfort Single','Single',1,900,28,'Comfortable single room',9);
INSERT INTO Room (Room_id,Hotel_id,Room_name,Bedtype,Capacity,Price,Area,Descriptions,Total_count) VALUES (14,3,'Royal Suite','King',4,3200,70,'Royal suite with king bed',20);
INSERT INTO Room (Room_id,Hotel_id,Room_name,Bedtype,Capacity,Price,Area,Descriptions,Total_count) VALUES (15,3,'Honeymoon Suite','King',2,2200,42,'Honeymoon suite with king bed',27);
INSERT INTO Room (Room_id,Hotel_id,Room_name,Bedtype,Capacity,Price,Area,Descriptions,Total_count) VALUES (16,4,'Luxury King','King',2,1200,30,'Luxury room with king bed',11);
INSERT INTO Room (Room_id,Hotel_id,Room_name,Bedtype,Capacity,Price,Area,Descriptions,Total_count) VALUES (17,4,'Luxury Double','Double',2,1100,28.5,'Luxury room with double beds',15);
INSERT INTO Room (Room_id,Hotel_id,Room_name,Bedtype,Capacity,Price,Area,Descriptions,Total_count) VALUES (18,4,'Economy Single','Single',1,600,20,'Economical single room',23);
INSERT INTO Room (Room_id,Hotel_id,Room_name,Bedtype,Capacity,Price,Area,Descriptions,Total_count) VALUES (19,4,'Penthouse Suite','King',4,2800,55,'Penthouse suite with king bed',10);
INSERT INTO Room (Room_id,Hotel_id,Room_name,Bedtype,Capacity,Price,Area,Descriptions,Total_count) VALUES (20,4,'Executive Suite','2 Doubles',4,2000,48,'Executive suite with two double beds',18);
INSERT INTO Room (Room_id,Hotel_id,Room_name,Bedtype,Capacity,Price,Area,Descriptions,Total_count) VALUES (21,5,'Deluxe Suite','King',2,1800,42,'Deluxe suite with king bed',28);
INSERT INTO Room (Room_id,Hotel_id,Room_name,Bedtype,Capacity,Price,Area,Descriptions,Total_count) VALUES (22,5,'Twin Room','2 Singles',2,1200,30,'Room with two single beds',12);
INSERT INTO Room (Room_id,Hotel_id,Room_name,Bedtype,Capacity,Price,Area,Descriptions,Total_count) VALUES (23,5,'Accessible Room','Double',2,1100,28,'Accessible room for guests with disabilities',26);
INSERT INTO Room (Room_id,Hotel_id,Room_name,Bedtype,Capacity,Price,Area,Descriptions,Total_count) VALUES (24,5,'Presidential Suite','King',4,4000,75,'Luxury suite with king bed',14);
INSERT INTO Room (Room_id,Hotel_id,Room_name,Bedtype,Capacity,Price,Area,Descriptions,Total_count) VALUES (25,5,'Junior Suite','Double',2,1600,38,'Junior suite with double bed',22);
INSERT INTO Room (Room_id,Hotel_id,Room_name,Bedtype,Capacity,Price,Area,Descriptions,Total_count) VALUES (26,6,'Deluxe King','King',2,1500,35,'Deluxe room with king bed',7);
INSERT INTO Room (Room_id,Hotel_id,Room_name,Bedtype,Capacity,Price,Area,Descriptions,Total_count) VALUES (27,6,'Deluxe Double','Double',2,1400,32.5,'Deluxe room with double beds',17);
INSERT INTO Room (Room_id,Hotel_id,Room_name,Bedtype,Capacity,Price,Area,Descriptions,Total_count) VALUES (28,6,'Standard Single','Single',1,800,25,'Standard single room',25);
INSERT INTO Room (Room_id,Hotel_id,Room_name,Bedtype,Capacity,Price,Area,Descriptions,Total_count) VALUES (29,6,'Executive Suite','King',4,3000,65,'Spacious suite with king bed',8);
INSERT INTO Room (Room_id,Hotel_id,Room_name,Bedtype,Capacity,Price,Area,Descriptions,Total_count) VALUES (30,6,'Family Suite','2 Doubles',4,2500,50,'Suite with two double beds',19);
INSERT INTO Room (Room_id,Hotel_id,Room_name,Bedtype,Capacity,Price,Area,Descriptions,Total_count) VALUES (31,7,'Premier King','King',2,1800,40,'Premier room with king bed',21);
INSERT INTO Room (Room_id,Hotel_id,Room_name,Bedtype,Capacity,Price,Area,Descriptions,Total_count) VALUES (32,7,'Premier Double','Double',2,1700,38,'Premier room with double beds',6);
INSERT INTO Room (Room_id,Hotel_id,Room_name,Bedtype,Capacity,Price,Area,Descriptions,Total_count) VALUES (33,7,'Urban View Single','Single',1,900,27,'Single room with city view',13);
INSERT INTO Room (Room_id,Hotel_id,Room_name,Bedtype,Capacity,Price,Area,Descriptions,Total_count) VALUES (34,7,'Presidential Suite','King',4,4500,80,'Luxury suite with king bed',24);
INSERT INTO Room (Room_id,Hotel_id,Room_name,Bedtype,Capacity,Price,Area,Descriptions,Total_count) VALUES (35,7,'Junior Suite','Double',2,2000,45,'Junior suite with double bed',16);
INSERT INTO Room (Room_id,Hotel_id,Room_name,Bedtype,Capacity,Price,Area,Descriptions,Total_count) VALUES (36,8,'Grand Deluxe King','King',2,1600,38,'Grand deluxe room with king bed',27);
INSERT INTO Room (Room_id,Hotel_id,Room_name,Bedtype,Capacity,Price,Area,Descriptions,Total_count) VALUES (37,8,'Grand Deluxe Double','Double',2,1500,35,'Grand deluxe room with double beds',9);
INSERT INTO Room (Room_id,Hotel_id,Room_name,Bedtype,Capacity,Price,Area,Descriptions,Total_count) VALUES (38,8,'Comfort Single','Single',1,900,28,'Comfortable single room',20);
INSERT INTO Room (Room_id,Hotel_id,Room_name,Bedtype,Capacity,Price,Area,Descriptions,Total_count) VALUES (39,8,'Royal Suite','King',4,3200,70,'Royal suite with king bed',28);
INSERT INTO Room (Room_id,Hotel_id,Room_name,Bedtype,Capacity,Price,Area,Descriptions,Total_count) VALUES (40,8,'Honeymoon Suite','King',2,2200,42,'Honeymoon suite with king bed',11);
INSERT INTO Room (Room_id,Hotel_id,Room_name,Bedtype,Capacity,Price,Area,Descriptions,Total_count) VALUES (41,9,'Luxury King','King',2,1200,30,'Luxury room with king bed',15);
INSERT INTO Room (Room_id,Hotel_id,Room_name,Bedtype,Capacity,Price,Area,Descriptions,Total_count) VALUES (42,9,'Luxury Double','Double',2,1100,28.5,'Luxury room with double beds',23);
INSERT INTO Room (Room_id,Hotel_id,Room_name,Bedtype,Capacity,Price,Area,Descriptions,Total_count) VALUES (43,9,'Economy Single','Single',1,600,20,'Economical single room',10);
INSERT INTO Room (Room_id,Hotel_id,Room_name,Bedtype,Capacity,Price,Area,Descriptions,Total_count) VALUES (44,9,'Penthouse Suite','King',4,2800,55,'Penthouse suite with king bed',18);
INSERT INTO Room (Room_id,Hotel_id,Room_name,Bedtype,Capacity,Price,Area,Descriptions,Total_count) VALUES (45,9,'Executive Suite','2 Doubles',4,2000,48,'Executive suite with two double beds',29);
INSERT INTO Room (Room_id,Hotel_id,Room_name,Bedtype,Capacity,Price,Area,Descriptions,Total_count) VALUES (46,10,'Deluxe Suite','King',2,1800,42,'Deluxe suite with king bed',12);
INSERT INTO Room (Room_id,Hotel_id,Room_name,Bedtype,Capacity,Price,Area,Descriptions,Total_count) VALUES (47,10,'Twin Room','2 Singles',2,1200,30,'Room with two single beds',26);
INSERT INTO Room (Room_id,Hotel_id,Room_name,Bedtype,Capacity,Price,Area,Descriptions,Total_count) VALUES (48,10,'Accessible Room','Double',2,1100,28,'Accessible room for guests with disabilities',14);
INSERT INTO Room (Room_id,Hotel_id,Room_name,Bedtype,Capacity,Price,Area,Descriptions,Total_count) VALUES (49,10,'Presidential Suite','King',4,4000,75,'Luxury suite with king bed',22);
INSERT INTO Room (Room_id,Hotel_id,Room_name,Bedtype,Capacity,Price,Area,Descriptions,Total_count) VALUES (50,10,'Junior Suite','Double',2,1600,38,'Junior suite with double bed',7);
INSERT INTO Room (Room_id,Hotel_id,Room_name,Bedtype,Capacity,Price,Area,Descriptions,Total_count) VALUES (51,11,'Deluxe King','King',2,1500,35,'Deluxe room with king bed',17);
INSERT INTO Room (Room_id,Hotel_id,Room_name,Bedtype,Capacity,Price,Area,Descriptions,Total_count) VALUES (52,11,'Deluxe Double','Double',2,1400,32.5,'Deluxe room with double beds',25);
INSERT INTO Room (Room_id,Hotel_id,Room_name,Bedtype,Capacity,Price,Area,Descriptions,Total_count) VALUES (53,11,'Standard Single','Single',1,800,25,'Standard single room',8);
INSERT INTO Room (Room_id,Hotel_id,Room_name,Bedtype,Capacity,Price,Area,Descriptions,Total_count) VALUES (54,11,'Executive Suite','King',4,3000,65,'Spacious suite with king bed',19);
INSERT INTO Room (Room_id,Hotel_id,Room_name,Bedtype,Capacity,Price,Area,Descriptions,Total_count) VALUES (55,11,'Family Suite','2 Doubles',4,2500,50,'Suite with two double beds',21);
INSERT INTO Room (Room_id,Hotel_id,Room_name,Bedtype,Capacity,Price,Area,Descriptions,Total_count) VALUES (56,12,'Premier King','King',2,1800,40,'Premier room with king bed',6);
INSERT INTO Room (Room_id,Hotel_id,Room_name,Bedtype,Capacity,Price,Area,Descriptions,Total_count) VALUES (57,12,'Premier Double','Double',2,1700,38,'Premier room with double beds',13);
INSERT INTO Room (Room_id,Hotel_id,Room_name,Bedtype,Capacity,Price,Area,Descriptions,Total_count) VALUES (58,12,'Urban View Single','Single',1,900,27,'Single room with city view',24);
INSERT INTO Room (Room_id,Hotel_id,Room_name,Bedtype,Capacity,Price,Area,Descriptions,Total_count) VALUES (59,12,'Presidential Suite','King',4,4500,80,'Luxury suite with king bed',16);
INSERT INTO Room (Room_id,Hotel_id,Room_name,Bedtype,Capacity,Price,Area,Descriptions,Total_count) VALUES (60,12,'Junior Suite','Double',2,2000,45,'Junior suite with double bed',27);
INSERT INTO Room (Room_id,Hotel_id,Room_name,Bedtype,Capacity,Price,Area,Descriptions,Total_count) VALUES (61,13,'Grand Deluxe King','King',2,1600,38,'Grand deluxe room with king bed',9);
INSERT INTO Room (Room_id,Hotel_id,Room_name,Bedtype,Capacity,Price,Area,Descriptions,Total_count) VALUES (62,13,'Grand Deluxe Double','Double',2,1500,35,'Grand deluxe room with double beds',20);
INSERT INTO Room (Room_id,Hotel_id,Room_name,Bedtype,Capacity,Price,Area,Descriptions,Total_count) VALUES (63,13,'Comfort Single','Single',1,900,28,'Comfortable single room',28);
INSERT INTO Room (Room_id,Hotel_id,Room_name,Bedtype,Capacity,Price,Area,Descriptions,Total_count) VALUES (64,13,'Royal Suite','King',4,3200,70,'Royal suite with king bed',11);
INSERT INTO Room (Room_id,Hotel_id,Room_name,Bedtype,Capacity,Price,Area,Descriptions,Total_count) VALUES (65,13,'Honeymoon Suite','King',2,2200,42,'Honeymoon suite with king bed',15);
INSERT INTO Room (Room_id,Hotel_id,Room_name,Bedtype,Capacity,Price,Area,Descriptions,Total_count) VALUES (66,14,'Luxury King','King',2,1200,30,'Luxury room with king bed',23);
INSERT INTO Room (Room_id,Hotel_id,Room_name,Bedtype,Capacity,Price,Area,Descriptions,Total_count) VALUES (67,14,'Luxury Double','Double',2,1100,28.5,'Luxury room with double beds',10);
INSERT INTO Room (Room_id,Hotel_id,Room_name,Bedtype,Capacity,Price,Area,Descriptions,Total_count) VALUES (68,14,'Economy Single','Single',1,600,20,'Economical single room',18);
INSERT INTO Room (Room_id,Hotel_id,Room_name,Bedtype,Capacity,Price,Area,Descriptions,Total_count) VALUES (69,14,'Penthouse Suite','King',4,2800,55,'Penthouse suite with king bed',29);
INSERT INTO Room (Room_id,Hotel_id,Room_name,Bedtype,Capacity,Price,Area,Descriptions,Total_count) VALUES (70,14,'Executive Suite','2 Doubles',4,2000,48,'Executive suite with two double beds',12);
INSERT INTO Room (Room_id,Hotel_id,Room_name,Bedtype,Capacity,Price,Area,Descriptions,Total_count) VALUES (71,15,'Deluxe Suite','King',2,1800,42,'Deluxe suite with king bed',26);
INSERT INTO Room (Room_id,Hotel_id,Room_name,Bedtype,Capacity,Price,Area,Descriptions,Total_count) VALUES (72,15,'Twin Room','2 Singles',2,1200,30,'Room with two single beds',14);
INSERT INTO Room (Room_id,Hotel_id,Room_name,Bedtype,Capacity,Price,Area,Descriptions,Total_count) VALUES (73,15,'Accessible Room','Double',2,1100,28,'Accessible room for guests with disabilities',22);
INSERT INTO Room (Room_id,Hotel_id,Room_name,Bedtype,Capacity,Price,Area,Descriptions,Total_count) VALUES (74,15,'Presidential Suite','King',4,4000,75,'Luxury suite with king bed',7);
INSERT INTO Room (Room_id,Hotel_id,Room_name,Bedtype,Capacity,Price,Area,Descriptions,Total_count) VALUES (75,15,'Junior Suite','Double',2,1600,38,'Junior suite with double bed',17);
INSERT INTO Room (Room_id,Hotel_id,Room_name,Bedtype,Capacity,Price,Area,Descriptions,Total_count) VALUES (76,16,'Deluxe King','King',2,1500,35,'Deluxe room with king bed',25);
INSERT INTO Room (Room_id,Hotel_id,Room_name,Bedtype,Capacity,Price,Area,Descriptions,Total_count) VALUES (77,16,'Deluxe Double','Double',2,1400,32.5,'Deluxe room with double beds',8);
INSERT INTO Room (Room_id,Hotel_id,Room_name,Bedtype,Capacity,Price,Area,Descriptions,Total_count) VALUES (78,16,'Standard Single','Single',1,800,25,'Standard single room',19);
INSERT INTO Room (Room_id,Hotel_id,Room_name,Bedtype,Capacity,Price,Area,Descriptions,Total_count) VALUES (79,16,'Executive Suite','King',4,3000,65,'Spacious suite with king bed',21);
INSERT INTO Room (Room_id,Hotel_id,Room_name,Bedtype,Capacity,Price,Area,Descriptions,Total_count) VALUES (80,16,'Family Suite','2 Doubles',4,2500,50,'Suite with two double beds',6);
INSERT INTO Room (Room_id,Hotel_id,Room_name,Bedtype,Capacity,Price,Area,Descriptions,Total_count) VALUES (81,17,'Premier King','King',2,1800,40,'Premier room with king bed',13);
INSERT INTO Room (Room_id,Hotel_id,Room_name,Bedtype,Capacity,Price,Area,Descriptions,Total_count) VALUES (82,17,'Premier Double','Double',2,1700,38,'Premier room with double beds',24);
INSERT INTO Room (Room_id,Hotel_id,Room_name,Bedtype,Capacity,Price,Area,Descriptions,Total_count) VALUES (83,17,'Urban View Single','Single',1,900,27,'Single room with city view',16);
INSERT INTO Room (Room_id,Hotel_id,Room_name,Bedtype,Capacity,Price,Area,Descriptions,Total_count) VALUES (84,17,'Presidential Suite','King',4,4500,80,'Luxury suite with king bed',27);
INSERT INTO Room (Room_id,Hotel_id,Room_name,Bedtype,Capacity,Price,Area,Descriptions,Total_count) VALUES (85,17,'Junior Suite','Double',2,2000,45,'Junior suite with double bed',9);
INSERT INTO Room (Room_id,Hotel_id,Room_name,Bedtype,Capacity,Price,Area,Descriptions,Total_count) VALUES (86,18,'Grand Deluxe King','King',2,1600,38,'Grand deluxe room with king bed',20);
INSERT INTO Room (Room_id,Hotel_id,Room_name,Bedtype,Capacity,Price,Area,Descriptions,Total_count) VALUES (87,18,'Grand Deluxe Double','Double',2,1500,35,'Grand deluxe room with double beds',28);
INSERT INTO Room (Room_id,Hotel_id,Room_name,Bedtype,Capacity,Price,Area,Descriptions,Total_count) VALUES (88,18,'Comfort Single','Single',1,900,28,'Comfortable single room',11);
INSERT INTO Room (Room_id,Hotel_id,Room_name,Bedtype,Capacity,Price,Area,Descriptions,Total_count) VALUES (89,18,'Royal Suite','King',4,3200,70,'Royal suite with king bed',15);
INSERT INTO Room (Room_id,Hotel_id,Room_name,Bedtype,Capacity,Price,Area,Descriptions,Total_count) VALUES (90,18,'Honeymoon Suite','King',2,2200,42,'Honeymoon suite with king bed',23);
INSERT INTO Room (Room_id,Hotel_id,Room_name,Bedtype,Capacity,Price,Area,Descriptions,Total_count) VALUES (91,19,'Luxury King','King',2,1200,30,'Luxury room with king bed',10);
INSERT INTO Room (Room_id,Hotel_id,Room_name,Bedtype,Capacity,Price,Area,Descriptions,Total_count) VALUES (92,19,'Luxury Double','Double',2,1100,28.5,'Luxury room with double beds',18);
INSERT INTO Room (Room_id,Hotel_id,Room_name,Bedtype,Capacity,Price,Area,Descriptions,Total_count) VALUES (93,19,'Economy Single','Single',1,600,20,'Economical single room',29);
INSERT INTO Room (Room_id,Hotel_id,Room_name,Bedtype,Capacity,Price,Area,Descriptions,Total_count) VALUES (94,19,'Penthouse Suite','King',4,2800,55,'Penthouse suite with king bed',12);
INSERT INTO Room (Room_id,Hotel_id,Room_name,Bedtype,Capacity,Price,Area,Descriptions,Total_count) VALUES (95,19,'Executive Suite','2 Doubles',4,2000,48,'Executive suite with two double beds',22);
INSERT INTO Room (Room_id,Hotel_id,Room_name,Bedtype,Capacity,Price,Area,Descriptions,Total_count) VALUES (96,20,'Deluxe Suite','King',2,1800,42,'Deluxe suite with king bed',14);
INSERT INTO Room (Room_id,Hotel_id,Room_name,Bedtype,Capacity,Price,Area,Descriptions,Total_count) VALUES (97,20,'Twin Room','2 Singles',2,1200,30,'Room with two single beds',17);
INSERT INTO Room (Room_id,Hotel_id,Room_name,Bedtype,Capacity,Price,Area,Descriptions,Total_count) VALUES (98,20,'Accessible Room','Double',2,1100,28,'Accessible room for guests with disabilities',26);
INSERT INTO Room (Room_id,Hotel_id,Room_name,Bedtype,Capacity,Price,Area,Descriptions,Total_count) VALUES (99,20,'Presidential Suite','King',4,4000,75,'Luxury suite with king bed',8);
INSERT INTO Room (Room_id,Hotel_id,Room_name,Bedtype,Capacity,Price,Area,Descriptions,Total_count) VALUES (100,20,'Junior Suite','Double',2,1600,38,'Junior suite with double bed',19);
INSERT INTO Room (Room_id,Hotel_id,Room_name,Bedtype,Capacity,Price,Area,Descriptions,Total_count) VALUES (101,21,'Deluxe King','King',2,1500,35,'Deluxe room with king bed',21);
INSERT INTO Room (Room_id,Hotel_id,Room_name,Bedtype,Capacity,Price,Area,Descriptions,Total_count) VALUES (102,21,'Deluxe Double','Double',2,1400,32.5,'Deluxe room with double beds',7);
INSERT INTO Room (Room_id,Hotel_id,Room_name,Bedtype,Capacity,Price,Area,Descriptions,Total_count) VALUES (103,21,'Standard Single','Single',1,800,25,'Standard single room',13);
INSERT INTO Room (Room_id,Hotel_id,Room_name,Bedtype,Capacity,Price,Area,Descriptions,Total_count) VALUES (104,21,'Executive Suite','King',4,3000,65,'Spacious suite with king bed',25);
INSERT INTO Room (Room_id,Hotel_id,Room_name,Bedtype,Capacity,Price,Area,Descriptions,Total_count) VALUES (105,22,'Premier King','King',2,1800,40,'Premier room with king bed',16);
INSERT INTO Room (Room_id,Hotel_id,Room_name,Bedtype,Capacity,Price,Area,Descriptions,Total_count) VALUES (106,22,'Premier Double','Double',2,1700,38,'Premier room with double beds',24);
INSERT INTO Room (Room_id,Hotel_id,Room_name,Bedtype,Capacity,Price,Area,Descriptions,Total_count) VALUES (107,22,'Urban View Single','Single',1,900,27,'Single room with city view',9);
INSERT INTO Room (Room_id,Hotel_id,Room_name,Bedtype,Capacity,Price,Area,Descriptions,Total_count) VALUES (108,22,'Presidential Suite','King',4,4500,80,'Luxury suite with king bed',20);
INSERT INTO Room (Room_id,Hotel_id,Room_name,Bedtype,Capacity,Price,Area,Descriptions,Total_count) VALUES (109,23,'Grand Deluxe King','King',2,1600,38,'Grand deluxe room with king bed',27);
INSERT INTO Room (Room_id,Hotel_id,Room_name,Bedtype,Capacity,Price,Area,Descriptions,Total_count) VALUES (110,23,'Grand Deluxe Double','Double',2,1500,35,'Grand deluxe room with double beds',11);
INSERT INTO Room (Room_id,Hotel_id,Room_name,Bedtype,Capacity,Price,Area,Descriptions,Total_count) VALUES (111,23,'Comfort Single','Single',1,900,28,'Comfortable single room',15);
INSERT INTO Room (Room_id,Hotel_id,Room_name,Bedtype,Capacity,Price,Area,Descriptions,Total_count) VALUES (112,23,'Royal Suite','King',4,3200,70,'Royal suite with king bed',23);
INSERT INTO Room (Room_id,Hotel_id,Room_name,Bedtype,Capacity,Price,Area,Descriptions,Total_count) VALUES (113,24,'Luxury King','King',2,1200,30,'Luxury room with king bed',10);
INSERT INTO Room (Room_id,Hotel_id,Room_name,Bedtype,Capacity,Price,Area,Descriptions,Total_count) VALUES (114,24,'Luxury Double','Double',2,1100,28.5,'Luxury room with double beds',18);
INSERT INTO Room (Room_id,Hotel_id,Room_name,Bedtype,Capacity,Price,Area,Descriptions,Total_count) VALUES (115,24,'Economy Single','Single',1,600,20,'Economical single room',28);
INSERT INTO Room (Room_id,Hotel_id,Room_name,Bedtype,Capacity,Price,Area,Descriptions,Total_count) VALUES (116,24,'Penthouse Suite','King',4,2800,55,'Penthouse suite with king bed',12);
INSERT INTO Room (Room_id,Hotel_id,Room_name,Bedtype,Capacity,Price,Area,Descriptions,Total_count) VALUES (117,25,'Deluxe Suite','King',2,1800,42,'Deluxe suite with king bed',26);
INSERT INTO Room (Room_id,Hotel_id,Room_name,Bedtype,Capacity,Price,Area,Descriptions,Total_count) VALUES (118,25,'Twin Room','2 Singles',2,1200,30,'Room with two single beds',14);
INSERT INTO Room (Room_id,Hotel_id,Room_name,Bedtype,Capacity,Price,Area,Descriptions,Total_count) VALUES (119,25,'Accessible Room','Double',2,1100,28,'Accessible room for guests with disabilities',22);
INSERT INTO Room (Room_id,Hotel_id,Room_name,Bedtype,Capacity,Price,Area,Descriptions,Total_count) VALUES (120,25,'Presidential Suite','King',4,4000,75,'Luxury suite with king bed',7);
INSERT INTO Room (Room_id,Hotel_id,Room_name,Bedtype,Capacity,Price,Area,Descriptions,Total_count) VALUES (121,26,'Urumqi Skyline King','King',2,1500,35,'Deluxe room with king bed',17);
INSERT INTO Room (Room_id,Hotel_id,Room_name,Bedtype,Capacity,Price,Area,Descriptions,Total_count) VALUES (122,26,'Urumqi Skyline Double','Double',2,1400,32.5,'Deluxe room with double beds',25);
INSERT INTO Room (Room_id,Hotel_id,Room_name,Bedtype,Capacity,Price,Area,Descriptions,Total_count) VALUES (123,26,'Skyline Single','Single',1,800,25,'Standard single room',8);
INSERT INTO Room (Room_id,Hotel_id,Room_name,Bedtype,Capacity,Price,Area,Descriptions,Total_count) VALUES (124,26,'Skyline Suite','King',4,3000,65,'Spacious suite with king bed',19);
INSERT INTO Room (Room_id,Hotel_id,Room_name,Bedtype,Capacity,Price,Area,Descriptions,Total_count) VALUES (125,27,'Lhasa Potala King','King',2,1800,40,'Premier room with king bed',21);
INSERT INTO Room (Room_id,Hotel_id,Room_name,Bedtype,Capacity,Price,Area,Descriptions,Total_count) VALUES (126,27,'Lhasa Potala Double','Double',2,1700,38,'Premier room with double beds',6);
INSERT INTO Room (Room_id,Hotel_id,Room_name,Bedtype,Capacity,Price,Area,Descriptions,Total_count) VALUES (127,27,'Potala Single','Single',1,900,27,'Single room with city view',13);
INSERT INTO Room (Room_id,Hotel_id,Room_name,Bedtype,Capacity,Price,Area,Descriptions,Total_count) VALUES (128,27,'Potala Presidential Suite','King',4,4500,80,'Luxury suite with king bed',24);
INSERT INTO Room (Room_id,Hotel_id,Room_name,Bedtype,Capacity,Price,Area,Descriptions,Total_count) VALUES (129,28,'Kashgar Ancient King','King',2,1600,38,'Grand deluxe room with king bed',16);
INSERT INTO Room (Room_id,Hotel_id,Room_name,Bedtype,Capacity,Price,Area,Descriptions,Total_count) VALUES (130,28,'Kashgar Ancient Double','Double',2,1500,35,'Grand deluxe room with double beds',27);
INSERT INTO Room (Room_id,Hotel_id,Room_name,Bedtype,Capacity,Price,Area,Descriptions,Total_count) VALUES (131,28,'Ancient Single','Single',1,900,28,'Comfortable single room',9);
INSERT INTO Room (Room_id,Hotel_id,Room_name,Bedtype,Capacity,Price,Area,Descriptions,Total_count) VALUES (132,28,'Ancient Royal Suite','King',4,3200,70,'Royal suite with king bed',20);
INSERT INTO Room (Room_id,Hotel_id,Room_name,Bedtype,Capacity,Price,Area,Descriptions,Total_count) VALUES (133,29,'Changsha Orange King','King',2,1200,30,'Luxury room with king bed',28);
INSERT INTO Room (Room_id,Hotel_id,Room_name,Bedtype,Capacity,Price,Area,Descriptions,Total_count) VALUES (134,29,'Changsha Orange Double','Double',2,1100,28.5,'Luxury room with double beds',11);
INSERT INTO Room (Room_id,Hotel_id,Room_name,Bedtype,Capacity,Price,Area,Descriptions,Total_count) VALUES (135,29,'Orange Single','Single',1,600,20,'Economical single room',15);
INSERT INTO Room (Room_id,Hotel_id,Room_name,Bedtype,Capacity,Price,Area,Descriptions,Total_count) VALUES (136,29,'Orange Penthouse Suite','King',4,2800,55,'Penthouse suite with king bed',23);
INSERT INTO Room (Room_id,Hotel_id,Room_name,Bedtype,Capacity,Price,Area,Descriptions,Total_count) VALUES (137,30,'Taiyuan Ancient King','King',2,1800,42,'Deluxe suite with king bed',10);
INSERT INTO Room (Room_id,Hotel_id,Room_name,Bedtype,Capacity,Price,Area,Descriptions,Total_count) VALUES (138,30,'Taiyuan Ancient Double','Double',2,1200,30,'Room with two single beds',18);
INSERT INTO Room (Room_id,Hotel_id,Room_name,Bedtype,Capacity,Price,Area,Descriptions,Total_count) VALUES (139,30,'Ancient Single','Double',2,1100,28,'Accessible room for guests with disabilities',29);
INSERT INTO Room (Room_id,Hotel_id,Room_name,Bedtype,Capacity,Price,Area,Descriptions,Total_count) VALUES (140,30,'Ancient Presidential Suite','King',4,4000,75,'Luxury suite with king bed',12);


/* Permission */
INSERT INTO Permission (Permission_id, Permission_desc) VALUES (1,'administrator');
INSERT INTO Permission (Permission_id, Permission_desc) VALUES (2,'user');


/* Users */
INSERT INTO Users (Users_id,Users_name,Passwords,Mailbox,PhoneNum,Payment_info,Permission_id,Addr) VALUES (1,'Richard Jackson','pass123','alex@example.com',1234567890,4111111111111110,2,'No.1 Chaoyang Road, Beijing');
INSERT INTO Users (Users_id,Users_name,Passwords,Mailbox,PhoneNum,Payment_info,Permission_id,Addr) VALUES (2,'Michael Young','bella123','bella@example.com',9876543210,5555555555555550,2,'No.2 Century Avenue, Shanghai');
INSERT INTO Users (Users_id,Users_name,Passwords,Mailbox,PhoneNum,Payment_info,Permission_id,Addr) VALUES (3,'Donald Brown','chris123','chris@example.com',2147483647,1111111111111110,2,'No.3 Tianhe Road, Guangzhou');
INSERT INTO Users (Users_id,Users_name,Passwords,Mailbox,PhoneNum,Payment_info,Permission_id,Addr) VALUES (4,'Sharon Jones','dana123','dana@example.com',3210987654,2222222222222220,2,'No.4 Nanshan Road, Shenzhen');
INSERT INTO Users (Users_id,Users_name,Passwords,Mailbox,PhoneNum,Payment_info,Permission_id,Addr) VALUES (5,'Maria Martinez','ethan123','ethan@example.com',7410526315,3333333333333330,2,'No.5 West Lake Road, Hangzhou');
INSERT INTO Users (Users_id,Users_name,Passwords,Mailbox,PhoneNum,Payment_info,Permission_id,Addr) VALUES (6,'Dorothy Rodriguez','fiona123','fiona@example.com',5678901234,4444444444444440,2,'No.6 Wuhou Road, Chengdu');
INSERT INTO Users (Users_id,Users_name,Passwords,Mailbox,PhoneNum,Payment_info,Permission_id,Addr) VALUES (7,'Angela Anderson','george123','george@example.com',8765432109,5555555555555550,2,'No.7 Yuzhong Road, Chongqing');
INSERT INTO Users (Users_id,Users_name,Passwords,Mailbox,PhoneNum,Payment_info,Permission_id,Addr) VALUES (8,'Betty Thomas','heather123','heather@example.com',2109876545,1111111111111110,2,'No.8 Heping Road, Tianjin');
INSERT INTO Users (Users_id,Users_name,Passwords,Mailbox,PhoneNum,Payment_info,Permission_id,Addr) VALUES (9,'Mark Martin','ivan123','ivan@example.com',6549867321,2222222222222220,2,'No.9 Xuanwu Road, Nanjing');
INSERT INTO Users (Users_id,Users_name,Passwords,Mailbox,PhoneNum,Payment_info,Permission_id,Addr) VALUES (10,'Maria Anderson','jane123','jane@example.com',1098765432,3333333333333330,2,'No.10 Wuchang Road, Wuhan');
INSERT INTO Users (Users_id,Users_name,Passwords,Mailbox,PhoneNum,Payment_info,Permission_id,Addr) VALUES (11,'Matthew Brown','kevin123','kevin@example.com',1122334455,4444444444444440,2,'No.11 South Shaanxi Road, Xian');
INSERT INTO Users (Users_id,Users_name,Passwords,Mailbox,PhoneNum,Payment_info,Permission_id,Addr) VALUES (12,'Elizabeth Thomas','laura123','laura@example.com',2233445566,5555555555555550,2,'No.12 Binjiang Avenue, Hangzhou');
INSERT INTO Users (Users_id,Users_name,Passwords,Mailbox,PhoneNum,Payment_info,Permission_id,Addr) VALUES (13,'Kevin Wilson','mark123','mark@example.com',3344556677,1111111111111110,2,'No.13 Huangpu Road, Shanghai');
INSERT INTO Users (Users_id,Users_name,Passwords,Mailbox,PhoneNum,Payment_info,Permission_id,Addr) VALUES (14,'Jose Garcia','nancy123','nancy@example.com',4455667788,2222222222222220,2,'No.14 Yongjiang Road, Ningbo');
INSERT INTO Users (Users_id,Users_name,Passwords,Mailbox,PhoneNum,Payment_info,Permission_id,Addr) VALUES (15,'Susan White','oliver123','oliver@example.com',5566778899,3333333333333330,2,'No.15 Gulou Street, Beijing');
INSERT INTO Users (Users_id,Users_name,Passwords,Mailbox,PhoneNum,Payment_info,Permission_id,Addr) VALUES (16,'Patricia Lewis','peter123','peter@example.com',6688994444,4444444444444440,2,'No.16 Huaihai Road, Shanghai');
INSERT INTO Users (Users_id,Users_name,Passwords,Mailbox,PhoneNum,Payment_info,Permission_id,Addr) VALUES (17,'Jeffrey Allen','quinn123','quinn@example.com',1234567890,5555555555555550,2,'No.17 Zhongshan Road, Guangzhou');
INSERT INTO Users (Users_id,Users_name,Passwords,Mailbox,PhoneNum,Payment_info,Permission_id,Addr) VALUES (18,'Sarah Martin','rachel123','rachel@example.com',9876543210,1111111111111110,2,'No.18 Hubin Road, Hangzhou');
INSERT INTO Users (Users_id,Users_name,Passwords,Mailbox,PhoneNum,Payment_info,Permission_id,Addr) VALUES (19,'Laura Williams','scott123','scott@example.com',2147483647,2222222222222220,2,'No.19 Renmin Road, Chengdu');
INSERT INTO Users (Users_id,Users_name,Passwords,Mailbox,PhoneNum,Payment_info,Permission_id,Addr) VALUES (20,'Charles Brown','tiffany123','tiffany@example.com',3210987654,3333333333333330,2,'No.20 Gulou Road, Beijing');
INSERT INTO Users (Users_id,Users_name,Passwords,Mailbox,PhoneNum,Payment_info,Permission_id,Addr) VALUES (21,'Anthony Smith','uma123','uma@example.com',7410526315,4444444444444440,2,'No.21 South Street, Shenzhen');
INSERT INTO Users (Users_id,Users_name,Passwords,Mailbox,PhoneNum,Payment_info,Permission_id,Addr) VALUES (22,'Edward Lewis','victor123','victor@example.com',5678901234,5555555555555550,2,'No.22 West Road, Guangzhou');
INSERT INTO Users (Users_id,Users_name,Passwords,Mailbox,PhoneNum,Payment_info,Permission_id,Addr) VALUES (23,'Laura Moore','william123','william@example.com',8765432109,1111111111111110,2,'No.23 East Road, Shanghai');
INSERT INTO Users (Users_id,Users_name,Passwords,Mailbox,PhoneNum,Payment_info,Permission_id,Addr) VALUES (24,'Steven Johnson','xander123','xander@example.com',2109876545,2222222222222220,2,'No.24 North Road, Beijing');
INSERT INTO Users (Users_id,Users_name,Passwords,Mailbox,PhoneNum,Payment_info,Permission_id,Addr) VALUES (25,'Kenneth Rodriguez','yolanda123','yolanda@example.com',6549867321,3333333333333330,2,'No.25 Central Road, Shenzhen');
INSERT INTO Users (Users_id,Users_name,Passwords,Mailbox,PhoneNum,Payment_info,Permission_id,Addr) VALUES (26,'Dorothy White','zach123','zach@example.com',1098765432,4444444444444440,2,'No.26 West Lake Road, Hangzhou');
INSERT INTO Users (Users_id,Users_name,Passwords,Mailbox,PhoneNum,Payment_info,Permission_id,Addr) VALUES (27,'James Wilson','alice123','alice@example.com',1122334455,5555555555555550,2,'No.27 East Avenue, Shanghai');
INSERT INTO Users (Users_id,Users_name,Passwords,Mailbox,PhoneNum,Payment_info,Permission_id,Addr) VALUES (28,'Jason Miller','bob123','bob@example.com',2233445566,1111111111111110,2,'No.28 South Street, Guangzhou');
INSERT INTO Users (Users_id,Users_name,Passwords,Mailbox,PhoneNum,Payment_info,Permission_id,Addr) VALUES (29,'Laura Garcia','cindy123','cindy@example.com',3344556677,2222222222222220,2,'No.29 West Road, Shenzhen');
INSERT INTO Users (Users_id,Users_name,Passwords,Mailbox,PhoneNum,Payment_info,Permission_id,Addr) VALUES (30,'Kevin Lee','david123','david@example.com',4455667788,3333333333333330,2,'No.30 North Road, Beijing');
INSERT INTO Users (Users_id,Users_name,Passwords,Mailbox,PhoneNum,Payment_info,Permission_id,Addr) VALUES (31,'Barbara Jones','emily123','emily@example.com',5566778899,4444444444444440,2,'No.31 East Road, Shanghai');
INSERT INTO Users (Users_id,Users_name,Passwords,Mailbox,PhoneNum,Payment_info,Permission_id,Addr) VALUES (32,'Joseph Garcia','frank123','frank@example.com',6688994444,5555555555555550,2,'No.32 South Street, Guangzhou');
INSERT INTO Users (Users_id,Users_name,Passwords,Mailbox,PhoneNum,Payment_info,Permission_id,Addr) VALUES (33,'Jason Miller','grace123','grace@example.com',1234567890,1111111111111110,2,'No.33 West Road, Shenzhen');
INSERT INTO Users (Users_id,Users_name,Passwords,Mailbox,PhoneNum,Payment_info,Permission_id,Addr) VALUES (34,'Daniel Clark','helen123','helen@example.com',9876543210,2222222222222220,2,'No.34 North Road, Beijing');
INSERT INTO Users (Users_id,Users_name,Passwords,Mailbox,PhoneNum,Payment_info,Permission_id,Addr) VALUES (35,'Anthony Jackson','isaac123','isaac@example.com',2147483647,3333333333333330,2,'No.35 East Road, Shanghai');
INSERT INTO Users (Users_id,Users_name,Passwords,Mailbox,PhoneNum,Payment_info,Permission_id,Addr) VALUES (36,'Donald Lewis','jane123','jane@example.com',3210987654,4444444444444440,2,'No.36 South Street, Guangzhou');
INSERT INTO Users (Users_id,Users_name,Passwords,Mailbox,PhoneNum,Payment_info,Permission_id,Addr) VALUES (37,'Jeffrey Walker','kevin123','kevin@example.com',7410526315,5555555555555550,2,'No.37 West Road, Shenzhen');
INSERT INTO Users (Users_id,Users_name,Passwords,Mailbox,PhoneNum,Payment_info,Permission_id,Addr) VALUES (38,'Frank Allen','laura123','laura@example.com',5678901234,1111111111111110,2,'No.38 North Road, Beijing');
INSERT INTO Users (Users_id,Users_name,Passwords,Mailbox,PhoneNum,Payment_info,Permission_id,Addr) VALUES (39,'Angela Williams','michael123','michael@example.com',8765432109,2222222222222220,2,'No.39 East Road, Shanghai');
INSERT INTO Users (Users_id,Users_name,Passwords,Mailbox,PhoneNum,Payment_info,Permission_id,Addr) VALUES (40,'George Walker','nancy123','nancy@example.com',2109876545,3333333333333330,2,'No.40 South Street, Guangzhou');
INSERT INTO Users (Users_id,Users_name,Passwords,Mailbox,PhoneNum,Payment_info,Permission_id,Addr) VALUES (41,'Angela Martinez','oliver123','oliver@example.com',6549867321,4444444444444440,2,'No.41 West Road, Shenzhen');
INSERT INTO Users (Users_id,Users_name,Passwords,Mailbox,PhoneNum,Payment_info,Permission_id,Addr) VALUES (42,'Shirley Gonzalez','peter123','peter@example.com',1098765432,5555555555555550,2,'No.42 North Road, Beijing');
INSERT INTO Users (Users_id,Users_name,Passwords,Mailbox,PhoneNum,Payment_info,Permission_id,Addr) VALUES (43,'Edward Moore','quinn123','quinn@example.com',1122334455,1111111111111110,2,'No.43 East Road, Shanghai');
INSERT INTO Users (Users_id,Users_name,Passwords,Mailbox,PhoneNum,Payment_info,Permission_id,Addr) VALUES (44,'Sharon Clark','rachel123','rachel@example.com',2233445566,2222222222222220,2,'No.44 South Street, Guangzhou');
INSERT INTO Users (Users_id,Users_name,Passwords,Mailbox,PhoneNum,Payment_info,Permission_id,Addr) VALUES (45,'Brenda Miller','scott123','scott@example.com',3344556677,333333333333333,2,'No.45 North Street, Guangzhou');
INSERT INTO Users (Users_id,Users_name,Passwords,Mailbox,PhoneNum,Payment_info,Permission_id,Addr) VALUES (46,'Edward Wilson','tiffany123','tiffany@example.com',4455667788,4444444444444440,2,'No.46 West Lake Road, Hangzhou');
INSERT INTO Users (Users_id,Users_name,Passwords,Mailbox,PhoneNum,Payment_info,Permission_id,Addr) VALUES (47,'Ronald Taylor','uma123','uma@example.com',5566778899,5555555555555550,2,'No.47 East Avenue, Shanghai');
INSERT INTO Users (Users_id,Users_name,Passwords,Mailbox,PhoneNum,Payment_info,Permission_id,Addr) VALUES (48,'Betty Johnson','victor123','victor@example.com',6688994444,1111111111111110,2,'No.48 South Street, Guangzhou');
INSERT INTO Users (Users_id,Users_name,Passwords,Mailbox,PhoneNum,Payment_info,Permission_id,Addr) VALUES (49,'Carol Wilson','william123','william@example.com',1234567890,2222222222222220,2,'No.49 West Road, Shenzhen');
INSERT INTO Users (Users_id,Users_name,Passwords,Mailbox,PhoneNum,Payment_info,Permission_id,Addr) VALUES (50,'Dorothy Harris','xander123','xander@example.com',9876543210,3333333333333330,2,'No.50 North Road, Beijing');
INSERT INTO Users (Users_id,Users_name,Passwords,Mailbox,PhoneNum,Payment_info,Permission_id,Addr) VALUES (51,'administrator','admin','admin@163.com',056416584,333333333333333,1,'testroad');

/* Promotion */
INSERT INTO Promotion (Discount_ID,Descriptions,Start_time,End_time,Dispercent) VALUES (1,'Beijing International - 15% off','2022-06-01 00:00:00','2022-06-30 23:59:59',15);
INSERT INTO Promotion (Discount_ID,Descriptions,Start_time,End_time,Dispercent) VALUES (2,'Shanghai Peninsula - 18% off','2022-06-01 00:00:00','2022-06-30 23:59:59',18);
INSERT INTO Promotion (Discount_ID,Descriptions,Start_time,End_time,Dispercent) VALUES (3,'Guangzhou Baiyun Hotel - 10% off','2022-07-01 00:00:00','2022-07-31 23:59:59',10);
INSERT INTO Promotion (Discount_ID,Descriptions,Start_time,End_time,Dispercent) VALUES (4,'Shenzhen View Hotel - 12% off','2022-07-01 00:00:00','2022-07-31 23:59:59',12);
INSERT INTO Promotion (Discount_ID,Descriptions,Start_time,End_time,Dispercent) VALUES (5,'Hangzhou Lakeview - 20% off','2022-08-01 00:00:00','2022-08-31 23:59:59',20);
INSERT INTO Promotion (Discount_ID,Descriptions,Start_time,End_time,Dispercent) VALUES (6,'Chengdu Cultural Hotel - 17% off','2022-08-01 00:00:00','2022-08-31 23:59:59',17);
INSERT INTO Promotion (Discount_ID,Descriptions,Start_time,End_time,Dispercent) VALUES (7,'Wuhan Riverside - 14% off','2022-09-01 00:00:00','2022-09-30 23:59:59',14);
INSERT INTO Promotion (Discount_ID,Descriptions,Start_time,End_time,Dispercent) VALUES (8,'Nanjing History - 19% off','2022-09-01 00:00:00','2022-09-30 23:59:59',19);
INSERT INTO Promotion (Discount_ID,Descriptions,Start_time,End_time,Dispercent) VALUES (9,'Suzhou Garden - 16% off','2022-10-01 00:00:00','2022-10-31 23:59:59',16);
INSERT INTO Promotion (Discount_ID,Descriptions,Start_time,End_time,Dispercent) VALUES (10,'Dalian Seaview - 13% off','2022-10-01 00:00:00','2022-10-31 23:59:59',13);
INSERT INTO Promotion (Discount_ID,Descriptions,Start_time,End_time,Dispercent) VALUES (11,'Chrismas Discount-15% off','2022-12-10 00:00:00','2022-12-26 00:00:00',15);
INSERT INTO Promotion (Discount_ID,Descriptions,Start_time,End_time,Dispercent) VALUES (12,'New Year Discount-10% off','2023-01-01 00:00:00','2022-02-01 00:00:00',10);



/* Orders */

INSERT INTO Orders (Orders_id,Create_day,Payment_day,Hotel_id,Users_id,Progress,Discount_id) VALUES(1,'2022-06-01 08:30:00','2022-06-02 19:45:00',5,3,'finished',null);
INSERT INTO Orders (Orders_id,Create_day,Payment_day,Hotel_id,Users_id,Progress,Discount_id) VALUES(2,'2022-06-02 09:15:00','2022-06-03 20:30:00',12,46,'finished',null);
INSERT INTO Orders (Orders_id,Create_day,Payment_day,Hotel_id,Users_id,Progress,Discount_id) VALUES(3,'2022-06-03 10:00:00','2022-06-04 21:15:00',3,22,'finished',null);
INSERT INTO Orders (Orders_id,Create_day,Payment_day,Hotel_id,Users_id,Progress,Discount_id) VALUES(4,'2022-06-04 10:45:00','2022-06-05 22:00:00',17,7,'finished',null);
INSERT INTO Orders (Orders_id,Create_day,Payment_day,Hotel_id,Users_id,Progress,Discount_id) VALUES(5,'2022-06-05 11:30:00','2022-06-06 23:45:00',6,31,'finished',null);
INSERT INTO Orders (Orders_id,Create_day,Payment_day,Hotel_id,Users_id,Progress,Discount_id) VALUES(6,'2022-06-06 12:15:00','2022-06-07 00:30:00',19,14,'finished',null);
INSERT INTO Orders (Orders_id,Create_day,Payment_day,Hotel_id,Users_id,Progress,Discount_id) VALUES(7,'2022-06-07 13:00:00','2022-06-08 01:15:00',1,48,'finished',1);
INSERT INTO Orders (Orders_id,Create_day,Payment_day,Hotel_id,Users_id,Progress,Discount_id) VALUES(8,'2022-06-08 13:45:00','2022-06-09 02:00:00',10,21,'canceled',null);
INSERT INTO Orders (Orders_id,Create_day,Payment_day,Hotel_id,Users_id,Progress,Discount_id) VALUES(9,'2022-06-09 14:30:00','2022-06-10 02:45:00',4,38,'finished',null);
INSERT INTO Orders (Orders_id,Create_day,Payment_day,Hotel_id,Users_id,Progress,Discount_id) VALUES(10,'2022-06-10 15:15:00','2022-06-11 03:30:00',18,2,'finished',null);
INSERT INTO Orders (Orders_id,Create_day,Payment_day,Hotel_id,Users_id,Progress,Discount_id) VALUES(11,'2022-06-11 16:00:00','2022-06-12 04:15:00',8,27,'finished',null);
INSERT INTO Orders (Orders_id,Create_day,Payment_day,Hotel_id,Users_id,Progress,Discount_id) VALUES(12,'2022-06-12 16:45:00','2022-06-13 05:00:00',15,43,'canceled',null);
INSERT INTO Orders (Orders_id,Create_day,Payment_day,Hotel_id,Users_id,Progress,Discount_id) VALUES(13,'2022-06-13 17:30:00','2022-06-14 05:45:00',11,16,'finished',null);
INSERT INTO Orders (Orders_id,Create_day,Payment_day,Hotel_id,Users_id,Progress,Discount_id) VALUES(14,'2022-06-14 18:15:00','2022-06-15 06:30:00',14,32,'finished',null);
INSERT INTO Orders (Orders_id,Create_day,Payment_day,Hotel_id,Users_id,Progress,Discount_id) VALUES(15,'2022-06-15 19:00:00','2022-06-16 07:15:00',3,13,'finished',null);
INSERT INTO Orders (Orders_id,Create_day,Payment_day,Hotel_id,Users_id,Progress,Discount_id) VALUES(16,'2022-06-16 19:45:00','2022-06-17 08:00:00',16,49,'finished',null);
INSERT INTO Orders (Orders_id,Create_day,Payment_day,Hotel_id,Users_id,Progress,Discount_id) VALUES(17,'2022-06-17 20:30:00','2022-06-18 08:45:00',2,23,'finished',2);
INSERT INTO Orders (Orders_id,Create_day,Payment_day,Hotel_id,Users_id,Progress,Discount_id) VALUES(18,'2022-06-18 21:15:00','2022-06-19 09:30:00',9,39,'finished',null);
INSERT INTO Orders (Orders_id,Create_day,Payment_day,Hotel_id,Users_id,Progress,Discount_id) VALUES(19,'2022-06-19 22:00:00','2022-06-20 10:15:00',7,5,'finished',null);
INSERT INTO Orders (Orders_id,Create_day,Payment_day,Hotel_id,Users_id,Progress,Discount_id) VALUES(20,'2022-06-20 22:45:00','2022-06-21 11:00:00',5,20,'finished',null);
INSERT INTO Orders (Orders_id,Create_day,Payment_day,Hotel_id,Users_id,Progress,Discount_id) VALUES(21,'2022-06-21 23:30:00','2022-06-22 11:45:00',12,36,'finished',null);
INSERT INTO Orders (Orders_id,Create_day,Payment_day,Hotel_id,Users_id,Progress,Discount_id) VALUES(22,'2022-06-22 00:15:00','2022-06-23 12:30:00',3,12,'finished',null);
INSERT INTO Orders (Orders_id,Create_day,Payment_day,Hotel_id,Users_id,Progress,Discount_id) VALUES(23,'2022-06-23 01:00:00','2022-06-24 13:15:00',17,29,'finished',null);
INSERT INTO Orders (Orders_id,Create_day,Payment_day,Hotel_id,Users_id,Progress,Discount_id) VALUES(24,'2022-06-24 01:45:00','2022-06-25 14:00:00',6,45,'finished',null);
INSERT INTO Orders (Orders_id,Create_day,Payment_day,Hotel_id,Users_id,Progress,Discount_id) VALUES(25,'2022-06-25 02:30:00','2022-06-26 14:45:00',19,18,'finished',null);
INSERT INTO Orders (Orders_id,Create_day,Payment_day,Hotel_id,Users_id,Progress,Discount_id) VALUES(26,'2022-06-26 03:15:00','2022-06-27 15:30:00',1,34,'finished',1);
INSERT INTO Orders (Orders_id,Create_day,Payment_day,Hotel_id,Users_id,Progress,Discount_id) VALUES(27,'2022-06-27 04:00:00','2022-06-28 16:15:00',10,11,'finished',null);
INSERT INTO Orders (Orders_id,Create_day,Payment_day,Hotel_id,Users_id,Progress,Discount_id) VALUES(28,'2022-06-28 04:45:00','2022-06-29 17:00:00',4,28,'finished',null);
INSERT INTO Orders (Orders_id,Create_day,Payment_day,Hotel_id,Users_id,Progress,Discount_id) VALUES(29,'2022-06-29 05:30:00','2022-06-30 17:45:00',18,4,'finished',null);
INSERT INTO Orders (Orders_id,Create_day,Payment_day,Hotel_id,Users_id,Progress,Discount_id) VALUES(30,'2022-06-30 06:15:00','2022-07-01 18:30:00',8,21,'finished',null);
INSERT INTO Orders (Orders_id,Create_day,Payment_day,Hotel_id,Users_id,Progress,Discount_id) VALUES(31,'2022-07-01 07:00:00','2022-07-02 19:15:00',15,37,'finished',null);
INSERT INTO Orders (Orders_id,Create_day,Payment_day,Hotel_id,Users_id,Progress,Discount_id) VALUES(32,'2022-07-02 07:45:00','2022-07-03 20:00:00',11,1,'canceled',null);
INSERT INTO Orders (Orders_id,Create_day,Payment_day,Hotel_id,Users_id,Progress,Discount_id) VALUES(33,'2022-07-03 08:30:00','2022-07-04 20:45:00',14,17,'canceled',null);
INSERT INTO Orders (Orders_id,Create_day,Payment_day,Hotel_id,Users_id,Progress,Discount_id) VALUES(34,'2022-07-04 09:15:00','2022-07-05 21:30:00',3,33,'finished',3);
INSERT INTO Orders (Orders_id,Create_day,Payment_day,Hotel_id,Users_id,Progress,Discount_id) VALUES(35,'2022-07-05 10:00:00','2022-07-06 22:15:00',16,40,'finished',null);
INSERT INTO Orders (Orders_id,Create_day,Payment_day,Hotel_id,Users_id,Progress,Discount_id) VALUES(36,'2022-07-06 10:45:00','2022-07-07 23:00:00',2,14,'finished',null);
INSERT INTO Orders (Orders_id,Create_day,Payment_day,Hotel_id,Users_id,Progress,Discount_id) VALUES(37,'2022-07-07 11:30:00','2022-07-08 23:45:00',9,31,'canceled',null);
INSERT INTO Orders (Orders_id,Create_day,Payment_day,Hotel_id,Users_id,Progress,Discount_id) VALUES(38,'2022-07-08 12:15:00','2022-07-09 00:30:00',7,47,'finished',null);
INSERT INTO Orders (Orders_id,Create_day,Payment_day,Hotel_id,Users_id,Progress,Discount_id) VALUES(39,'2022-07-09 13:00:00','2022-07-10 01:15:00',5,20,'finished',null);
INSERT INTO Orders (Orders_id,Create_day,Payment_day,Hotel_id,Users_id,Progress,Discount_id) VALUES(40,'2022-07-10 13:45:00','2022-07-11 02:00:00',12,36,'finished',null);
INSERT INTO Orders (Orders_id,Create_day,Payment_day,Hotel_id,Users_id,Progress,Discount_id) VALUES(41,'2022-07-11 14:30:00','2022-07-12 02:45:00',3,12,'finished',3);
INSERT INTO Orders (Orders_id,Create_day,Payment_day,Hotel_id,Users_id,Progress,Discount_id) VALUES(42,'2022-07-12 15:15:00','2022-07-13 03:30:00',17,29,'finished',null);
INSERT INTO Orders (Orders_id,Create_day,Payment_day,Hotel_id,Users_id,Progress,Discount_id) VALUES(43,'2022-07-13 16:00:00','2022-07-14 04:15:00',6,45,'canceled',null);
INSERT INTO Orders (Orders_id,Create_day,Payment_day,Hotel_id,Users_id,Progress,Discount_id) VALUES(44,'2022-07-14 16:45:00','2022-07-15 05:00:00',19,18,'finished',null);
INSERT INTO Orders (Orders_id,Create_day,Payment_day,Hotel_id,Users_id,Progress,Discount_id) VALUES(45,'2022-07-15 17:30:00','2022-07-16 05:45:00',1,34,'finished',null);
INSERT INTO Orders (Orders_id,Create_day,Payment_day,Hotel_id,Users_id,Progress,Discount_id) VALUES(46,'2022-07-16 18:15:00','2022-07-17 06:30:00',10,11,'finished',null);
INSERT INTO Orders (Orders_id,Create_day,Payment_day,Hotel_id,Users_id,Progress,Discount_id) VALUES(47,'2022-07-17 19:00:00','2022-07-18 07:15:00',4,28,'finished',4);
INSERT INTO Orders (Orders_id,Create_day,Payment_day,Hotel_id,Users_id,Progress,Discount_id) VALUES(48,'2022-07-18 19:45:00','2022-07-19 08:00:00',18,4,'finished',null);
INSERT INTO Orders (Orders_id,Create_day,Payment_day,Hotel_id,Users_id,Progress,Discount_id) VALUES(49,'2022-07-19 20:30:00','2022-07-20 08:45:00',8,21,'canceled',null);
INSERT INTO Orders (Orders_id,Create_day,Payment_day,Hotel_id,Users_id,Progress,Discount_id) VALUES(50,'2022-07-20 21:15:00','2022-07-21 09:30:00',15,37,'finished',null);
INSERT INTO Orders (Orders_id,Create_day,Payment_day,Hotel_id,Users_id,Progress,Discount_id) VALUES(51,'2022-07-21 22:00:00','2022-07-22 10:15:00',11,1,'finished',null);
INSERT INTO Orders (Orders_id,Create_day,Payment_day,Hotel_id,Users_id,Progress,Discount_id) VALUES(52,'2022-07-22 22:45:00','2022-07-23 11:00:00',14,17,'canceled',null);
INSERT INTO Orders (Orders_id,Create_day,Payment_day,Hotel_id,Users_id,Progress,Discount_id) VALUES(53,'2022-07-23 23:30:00','2022-07-24 11:45:00',3,33,'finished',3);
INSERT INTO Orders (Orders_id,Create_day,Payment_day,Hotel_id,Users_id,Progress,Discount_id) VALUES(54,'2022-07-24 00:15:00','2022-07-25 12:30:00',17,29,'finished',null);
INSERT INTO Orders (Orders_id,Create_day,Payment_day,Hotel_id,Users_id,Progress,Discount_id) VALUES(55,'2022-07-25 01:00:00','2022-07-26 13:15:00',6,45,'finished',null);
INSERT INTO Orders (Orders_id,Create_day,Payment_day,Hotel_id,Users_id,Progress,Discount_id) VALUES(56,'2022-07-26 01:45:00','2022-07-27 14:00:00',19,18,'finished',null);
INSERT INTO Orders (Orders_id,Create_day,Payment_day,Hotel_id,Users_id,Progress,Discount_id) VALUES(57,'2022-07-27 02:30:00','2022-07-28 14:45:00',1,34,'finished',null);
INSERT INTO Orders (Orders_id,Create_day,Payment_day,Hotel_id,Users_id,Progress,Discount_id) VALUES(58,'2022-07-28 03:15:00','2022-07-29 15:30:00',10,11,'finished',null);
INSERT INTO Orders (Orders_id,Create_day,Payment_day,Hotel_id,Users_id,Progress,Discount_id) VALUES(59,'2022-07-29 04:00:00','2022-07-30 16:15:00',4,28,'finished',null);
INSERT INTO Orders (Orders_id,Create_day,Payment_day,Hotel_id,Users_id,Progress,Discount_id) VALUES(60,'2022-07-30 04:45:00','2022-07-31 17:00:00',18,4,'finished',null);
INSERT INTO Orders (Orders_id,Create_day,Payment_day,Hotel_id,Users_id,Progress,Discount_id) VALUES(61,'2022-07-31 05:30:00','2022-08-01 17:45:00',8,21,'finished',null);
INSERT INTO Orders (Orders_id,Create_day,Payment_day,Hotel_id,Users_id,Progress,Discount_id) VALUES(62,'2022-08-01 06:15:00','2022-08-02 18:30:00',15,37,'finished',null);
INSERT INTO Orders (Orders_id,Create_day,Payment_day,Hotel_id,Users_id,Progress,Discount_id) VALUES(63,'2022-08-02 07:00:00','2022-08-03 19:15:00',11,1,'finished',null);
INSERT INTO Orders (Orders_id,Create_day,Payment_day,Hotel_id,Users_id,Progress,Discount_id) VALUES(64,'2022-08-03 07:45:00','2022-08-04 20:00:00',14,17,'canceled',null);
INSERT INTO Orders (Orders_id,Create_day,Payment_day,Hotel_id,Users_id,Progress,Discount_id) VALUES(65,'2022-08-04 08:30:00','2022-08-05 20:45:00',3,33,'finished',null);
INSERT INTO Orders (Orders_id,Create_day,Payment_day,Hotel_id,Users_id,Progress,Discount_id) VALUES(66,'2022-08-05 09:15:00','2022-08-06 21:30:00',16,40,'finished',null);
INSERT INTO Orders (Orders_id,Create_day,Payment_day,Hotel_id,Users_id,Progress,Discount_id) VALUES(67,'2022-08-06 10:00:00','2022-08-07 22:15:00',2,14,'finished',null);
INSERT INTO Orders (Orders_id,Create_day,Payment_day,Hotel_id,Users_id,Progress,Discount_id) VALUES(68,'2022-08-07 10:45:00','2022-08-08 23:00:00',9,31,'canceled',null);
INSERT INTO Orders (Orders_id,Create_day,Payment_day,Hotel_id,Users_id,Progress,Discount_id) VALUES(69,'2022-08-08 11:30:00','2022-08-09 23:45:00',7,47,'finished',null);
INSERT INTO Orders (Orders_id,Create_day,Payment_day,Hotel_id,Users_id,Progress,Discount_id) VALUES(70,'2022-08-09 12:15:00','2022-08-10 00:30:00',5,20,'finished',5);
INSERT INTO Orders (Orders_id,Create_day,Payment_day,Hotel_id,Users_id,Progress,Discount_id) VALUES(71,'2022-08-10 13:00:00','2022-08-11 01:15:00',12,36,'finished',null);
INSERT INTO Orders (Orders_id,Create_day,Payment_day,Hotel_id,Users_id,Progress,Discount_id) VALUES(72,'2022-08-11 13:45:00','2022-08-12 02:00:00',3,12,'canceled',null);
INSERT INTO Orders (Orders_id,Create_day,Payment_day,Hotel_id,Users_id,Progress,Discount_id) VALUES(73,'2022-08-12 14:30:00','2022-08-13 02:45:00',17,29,'finished',null);
INSERT INTO Orders (Orders_id,Create_day,Payment_day,Hotel_id,Users_id,Progress,Discount_id) VALUES(74,'2022-08-13 15:15:00','2022-08-14 03:30:00',6,45,'finished',null);
INSERT INTO Orders (Orders_id,Create_day,Payment_day,Hotel_id,Users_id,Progress,Discount_id) VALUES(75,'2022-08-14 16:00:00','2022-08-15 04:15:00',19,18,'finished',null);
INSERT INTO Orders (Orders_id,Create_day,Payment_day,Hotel_id,Users_id,Progress,Discount_id) VALUES(76,'2022-08-15 16:45:00','2022-08-16 05:00:00',1,34,'finished',null);
INSERT INTO Orders (Orders_id,Create_day,Payment_day,Hotel_id,Users_id,Progress,Discount_id) VALUES(77,'2022-08-16 17:30:00','2022-08-17 05:45:00',10,11,'finished',null);
INSERT INTO Orders (Orders_id,Create_day,Payment_day,Hotel_id,Users_id,Progress,Discount_id) VALUES(78,'2022-08-17 18:15:00','2022-08-18 06:30:00',4,28,'finished',null);
INSERT INTO Orders (Orders_id,Create_day,Payment_day,Hotel_id,Users_id,Progress,Discount_id) VALUES(79,'2022-08-18 19:00:00','2022-08-19 07:15:00',18,4,'finished',null);
INSERT INTO Orders (Orders_id,Create_day,Payment_day,Hotel_id,Users_id,Progress,Discount_id) VALUES(80,'2022-08-19 19:45:00','2022-08-20 08:00:00',8,21,'finished',null);
INSERT INTO Orders (Orders_id,Create_day,Payment_day,Hotel_id,Users_id,Progress,Discount_id) VALUES(81,'2022-08-20 20:30:00','2022-08-21 08:45:00',15,37,'finished',null);
INSERT INTO Orders (Orders_id,Create_day,Payment_day,Hotel_id,Users_id,Progress,Discount_id) VALUES(82,'2022-08-21 21:15:00','2022-08-22 09:30:00',11,1,'finished',null);
INSERT INTO Orders (Orders_id,Create_day,Payment_day,Hotel_id,Users_id,Progress,Discount_id) VALUES(83,'2022-08-22 22:00:00','2022-08-23 10:15:00',14,17,'finished',null);
INSERT INTO Orders (Orders_id,Create_day,Payment_day,Hotel_id,Users_id,Progress,Discount_id) VALUES(84,'2022-08-23 22:45:00','2022-08-24 11:00:00',3,33,'finished',null);
INSERT INTO Orders (Orders_id,Create_day,Payment_day,Hotel_id,Users_id,Progress,Discount_id) VALUES(85,'2022-08-24 23:30:00','2022-08-25 11:45:00',17,29,'canceled',null);
INSERT INTO Orders (Orders_id,Create_day,Payment_day,Hotel_id,Users_id,Progress,Discount_id) VALUES(86,'2022-08-25 00:15:00','2022-08-26 12:30:00',6,45,'finished',null);
INSERT INTO Orders (Orders_id,Create_day,Payment_day,Hotel_id,Users_id,Progress,Discount_id) VALUES(87,'2022-08-26 01:00:00','2022-08-27 13:15:00',19,18,'finished',null);
INSERT INTO Orders (Orders_id,Create_day,Payment_day,Hotel_id,Users_id,Progress,Discount_id) VALUES(88,'2022-08-27 01:45:00','2022-08-28 14:00:00',1,34,'finished',null);
INSERT INTO Orders (Orders_id,Create_day,Payment_day,Hotel_id,Users_id,Progress,Discount_id) VALUES(89,'2022-08-28 02:30:00','2022-08-29 14:45:00',10,11,'finished',null);
INSERT INTO Orders (Orders_id,Create_day,Payment_day,Hotel_id,Users_id,Progress,Discount_id) VALUES(90,'2022-08-29 03:15:00','2022-08-30 15:30:00',4,28,'finished',null);
INSERT INTO Orders (Orders_id,Create_day,Payment_day,Hotel_id,Users_id,Progress,Discount_id) VALUES(91,'2022-08-30 04:00:00','2022-08-31 16:15:00',18,4,'finished',null);
INSERT INTO Orders (Orders_id,Create_day,Payment_day,Hotel_id,Users_id,Progress,Discount_id) VALUES(92,'2022-08-31 04:45:00','2022-09-01 17:00:00',8,21,'canceled',null);
INSERT INTO Orders (Orders_id,Create_day,Payment_day,Hotel_id,Users_id,Progress,Discount_id) VALUES(93,'2022-09-01 05:30:00','2022-09-02 17:45:00',15,37,'finished',null);
INSERT INTO Orders (Orders_id,Create_day,Payment_day,Hotel_id,Users_id,Progress,Discount_id) VALUES(94,'2022-09-02 06:15:00','2022-09-03 18:30:00',11,1,'finished',null);
INSERT INTO Orders (Orders_id,Create_day,Payment_day,Hotel_id,Users_id,Progress,Discount_id) VALUES(95,'2022-09-03 07:00:00','2022-09-04 19:15:00',14,17,'finished',null);
INSERT INTO Orders (Orders_id,Create_day,Payment_day,Hotel_id,Users_id,Progress,Discount_id) VALUES(96,'2022-09-04 07:45:00','2022-09-05 20:00:00',3,33,'finished',null);
INSERT INTO Orders (Orders_id,Create_day,Payment_day,Hotel_id,Users_id,Progress,Discount_id) VALUES(97,'2022-09-05 08:30:00','2022-09-06 20:45:00',16,40,'finished',null);
INSERT INTO Orders (Orders_id,Create_day,Payment_day,Hotel_id,Users_id,Progress,Discount_id) VALUES(98,'2022-09-06 09:15:00','2022-09-07 21:30:00',2,14,'finished',null);
INSERT INTO Orders (Orders_id,Create_day,Payment_day,Hotel_id,Users_id,Progress,Discount_id) VALUES(99,'2022-09-07 10:00:00','2022-09-08 22:15:00',9,31,'finished',null);
INSERT INTO Orders (Orders_id,Create_day,Payment_day,Hotel_id,Users_id,Progress,Discount_id) VALUES(100,'2022-09-08 10:45:00','2022-09-09 23:00:00',7,47,'finished',null);
INSERT INTO Orders (Orders_id,Create_day,Payment_day,Hotel_id,Users_id,Progress,Discount_id) VALUES(101,'2022-09-09 11:30:00','2022-09-10 23:45:00',5,20,'finished',null);
INSERT INTO Orders (Orders_id,Create_day,Payment_day,Hotel_id,Users_id,Progress,Discount_id) VALUES(102,'2022-09-10 12:15:00','2022-09-11 00:30:00',12,36,'finished',null);
INSERT INTO Orders (Orders_id,Create_day,Payment_day,Hotel_id,Users_id,Progress,Discount_id) VALUES(103,'2022-09-11 13:00:00','2022-09-12 01:15:00',3,12,'finished',null);
INSERT INTO Orders (Orders_id,Create_day,Payment_day,Hotel_id,Users_id,Progress,Discount_id) VALUES(104,'2022-09-12 13:45:00','2022-09-13 02:00:00',17,29,'finished',null);
INSERT INTO Orders (Orders_id,Create_day,Payment_day,Hotel_id,Users_id,Progress,Discount_id) VALUES(105,'2022-09-13 14:30:00','2022-09-14 02:45:00',6,45,'canceled',null);
INSERT INTO Orders (Orders_id,Create_day,Payment_day,Hotel_id,Users_id,Progress,Discount_id) VALUES(106,'2022-09-14 15:15:00','2022-09-15 03:30:00',19,18,'finished',null);
INSERT INTO Orders (Orders_id,Create_day,Payment_day,Hotel_id,Users_id,Progress,Discount_id) VALUES(107,'2022-09-15 16:00:00','2022-09-16 04:15:00',1,34,'finished',null);
INSERT INTO Orders (Orders_id,Create_day,Payment_day,Hotel_id,Users_id,Progress,Discount_id) VALUES(108,'2022-09-16 16:45:00','2022-09-17 05:00:00',10,11,'finished',null);
INSERT INTO Orders (Orders_id,Create_day,Payment_day,Hotel_id,Users_id,Progress,Discount_id) VALUES(109,'2022-09-17 17:30:00','2022-09-18 05:45:00',4,28,'canceled',null);
INSERT INTO Orders (Orders_id,Create_day,Payment_day,Hotel_id,Users_id,Progress,Discount_id) VALUES(110,'2022-09-18 18:15:00','2022-09-19 06:30:00',18,4,'finished',null);
INSERT INTO Orders (Orders_id,Create_day,Payment_day,Hotel_id,Users_id,Progress,Discount_id) VALUES(111,'2022-09-19 19:00:00','2022-09-20 07:15:00',8,21,'finished',null);
INSERT INTO Orders (Orders_id,Create_day,Payment_day,Hotel_id,Users_id,Progress,Discount_id) VALUES(112,'2022-09-20 19:45:00','2022-09-21 08:00:00',15,37,'finished',null);
INSERT INTO Orders (Orders_id,Create_day,Payment_day,Hotel_id,Users_id,Progress,Discount_id) VALUES(113,'2022-09-21 20:30:00','2022-09-22 08:45:00',11,1,'finished',null);
INSERT INTO Orders (Orders_id,Create_day,Payment_day,Hotel_id,Users_id,Progress,Discount_id) VALUES(114,'2022-09-22 21:15:00','2022-09-23 09:30:00',14,17,'finished',null);
INSERT INTO Orders (Orders_id,Create_day,Payment_day,Hotel_id,Users_id,Progress,Discount_id) VALUES(115,'2022-09-23 22:00:00','2022-09-24 10:15:00',3,33,'finished',null);
INSERT INTO Orders (Orders_id,Create_day,Payment_day,Hotel_id,Users_id,Progress,Discount_id) VALUES(116,'2022-09-24 22:45:00','2022-09-25 11:00:00',17,29,'finished',null);
INSERT INTO Orders (Orders_id,Create_day,Payment_day,Hotel_id,Users_id,Progress,Discount_id) VALUES(117,'2022-09-25 23:30:00','2022-09-26 11:45:00',6,45,'canceled',null);
INSERT INTO Orders (Orders_id,Create_day,Payment_day,Hotel_id,Users_id,Progress,Discount_id) VALUES(118,'2022-09-26 00:15:00','2022-09-27 12:30:00',19,18,'finished',null);
INSERT INTO Orders (Orders_id,Create_day,Payment_day,Hotel_id,Users_id,Progress,Discount_id) VALUES(119,'2022-09-27 01:00:00','2022-09-28 13:15:00',1,34,'finished',null);
INSERT INTO Orders (Orders_id,Create_day,Payment_day,Hotel_id,Users_id,Progress,Discount_id) VALUES(120,'2022-09-28 01:45:00','2022-09-29 14:00:00',10,11,'finished',null);
INSERT INTO Orders (Orders_id,Create_day,Payment_day,Hotel_id,Users_id,Progress,Discount_id) VALUES(121,'2022-09-29 02:30:00','2022-09-30 14:45:00',4,28,'finished',null);
INSERT INTO Orders (Orders_id,Create_day,Payment_day,Hotel_id,Users_id,Progress,Discount_id) VALUES(122,'2022-09-30 03:15:00','2022-10-01 15:30:00',18,4,'canceled',null);
INSERT INTO Orders (Orders_id,Create_day,Payment_day,Hotel_id,Users_id,Progress,Discount_id) VALUES(123,'2022-10-01 04:00:00','2022-10-02 16:15:00',8,21,'finished',null);
INSERT INTO Orders (Orders_id,Create_day,Payment_day,Hotel_id,Users_id,Progress,Discount_id) VALUES(124,'2022-10-02 04:45:00','2022-10-03 17:00:00',15,37,'finished',null);
INSERT INTO Orders (Orders_id,Create_day,Payment_day,Hotel_id,Users_id,Progress,Discount_id) VALUES(125,'2022-10-03 05:30:00','2022-10-04 17:45:00',11,1,'finished',null);
INSERT INTO Orders (Orders_id,Create_day,Payment_day,Hotel_id,Users_id,Progress,Discount_id) VALUES(126,'2022-10-04 06:15:00','2022-10-05 18:30:00',14,17,'finished',null);
INSERT INTO Orders (Orders_id,Create_day,Payment_day,Hotel_id,Users_id,Progress,Discount_id) VALUES(127,'2022-10-05 07:00:00','2022-10-06 19:15:00',3,33,'finished',null);
INSERT INTO Orders (Orders_id,Create_day,Payment_day,Hotel_id,Users_id,Progress,Discount_id) VALUES(128,'2022-10-06 07:45:00','2022-10-07 20:00:00',16,40,'finished',null);
INSERT INTO Orders (Orders_id,Create_day,Payment_day,Hotel_id,Users_id,Progress,Discount_id) VALUES(129,'2022-10-07 08:30:00','2022-10-08 20:45:00',2,14,'finished',null);
INSERT INTO Orders (Orders_id,Create_day,Payment_day,Hotel_id,Users_id,Progress,Discount_id) VALUES(130,'2022-10-08 09:15:00','2022-10-09 21:30:00',9,31,'canceled',null);
INSERT INTO Orders (Orders_id,Create_day,Payment_day,Hotel_id,Users_id,Progress,Discount_id) VALUES(131,'2022-10-09 10:00:00','2022-10-10 22:15:00',7,47,'finished',null);
INSERT INTO Orders (Orders_id,Create_day,Payment_day,Hotel_id,Users_id,Progress,Discount_id) VALUES(132,'2022-10-10 10:45:00','2022-10-11 23:00:00',5,20,'finished',null);
INSERT INTO Orders (Orders_id,Create_day,Payment_day,Hotel_id,Users_id,Progress,Discount_id) VALUES(133,'2022-10-11 11:30:00','2022-10-12 23:45:00',12,36,'finished',null);
INSERT INTO Orders (Orders_id,Create_day,Payment_day,Hotel_id,Users_id,Progress,Discount_id) VALUES(134,'2022-10-12 12:15:00','2022-10-13 00:30:00',3,12,'finished',null);
INSERT INTO Orders (Orders_id,Create_day,Payment_day,Hotel_id,Users_id,Progress,Discount_id) VALUES(135,'2022-10-13 13:00:00','2022-10-14 01:15:00',17,29,'canceled',null);
INSERT INTO Orders (Orders_id,Create_day,Payment_day,Hotel_id,Users_id,Progress,Discount_id) VALUES(136,'2022-10-14 13:45:00','2022-10-15 02:00:00',6,45,'finished',null);
INSERT INTO Orders (Orders_id,Create_day,Payment_day,Hotel_id,Users_id,Progress,Discount_id) VALUES(137,'2022-10-15 14:30:00','2022-10-16 02:45:00',19,18,'finished',null);
INSERT INTO Orders (Orders_id,Create_day,Payment_day,Hotel_id,Users_id,Progress,Discount_id) VALUES(138,'2022-10-16 15:15:00','2022-10-17 03:30:00',1,34,'finished',null);
INSERT INTO Orders (Orders_id,Create_day,Payment_day,Hotel_id,Users_id,Progress,Discount_id) VALUES(139,'2022-10-17 16:00:00','2022-10-18 04:15:00',10,11,'finished',10);
INSERT INTO Orders (Orders_id,Create_day,Payment_day,Hotel_id,Users_id,Progress,Discount_id) VALUES(140,'2022-10-18 16:45:00','2022-10-19 05:00:00',4,28,'finished',null);
INSERT INTO Orders (Orders_id,Create_day,Payment_day,Hotel_id,Users_id,Progress,Discount_id) VALUES(141,'2022-10-19 17:30:00','2022-10-20 05:45:00',18,4,'finished',null);
INSERT INTO Orders (Orders_id,Create_day,Payment_day,Hotel_id,Users_id,Progress,Discount_id) VALUES(142,'2022-10-20 18:15:00','2022-10-21 06:30:00',8,21,'finished',null);
INSERT INTO Orders (Orders_id,Create_day,Payment_day,Hotel_id,Users_id,Progress,Discount_id) VALUES(143,'2022-10-21 19:00:00','2022-10-22 07:15:00',15,37,'finished',null);
INSERT INTO Orders (Orders_id,Create_day,Payment_day,Hotel_id,Users_id,Progress,Discount_id) VALUES(144,'2022-10-22 19:45:00','2022-10-23 08:00:00',11,1,'finished',null);
INSERT INTO Orders (Orders_id,Create_day,Payment_day,Hotel_id,Users_id,Progress,Discount_id) VALUES(145,'2022-10-23 20:30:00','2022-10-24 08:45:00',14,17,'finished',null);
INSERT INTO Orders (Orders_id,Create_day,Payment_day,Hotel_id,Users_id,Progress,Discount_id) VALUES(146,'2022-10-24 21:15:00','2022-10-25 09:30:00',3,33,'finished',null);
INSERT INTO Orders (Orders_id,Create_day,Payment_day,Hotel_id,Users_id,Progress,Discount_id) VALUES(147,'2022-10-25 22:00:00','2022-10-26 10:15:00',17,29,'finished',null);
INSERT INTO Orders (Orders_id,Create_day,Payment_day,Hotel_id,Users_id,Progress,Discount_id) VALUES(148,'2022-10-26 22:45:00','2022-10-27 11:00:00',6,45,'canceled',null);
INSERT INTO Orders (Orders_id,Create_day,Payment_day,Hotel_id,Users_id,Progress,Discount_id) VALUES(149,'2022-10-27 23:30:00','2022-10-28 11:45:00',19,18,'finished',null);
INSERT INTO Orders (Orders_id,Create_day,Payment_day,Hotel_id,Users_id,Progress,Discount_id) VALUES(150,'2022-10-28 00:15:00','2022-10-29 12:30:00',1,34,'finished',null);
INSERT INTO Orders (Orders_id,Create_day,Payment_day,Hotel_id,Users_id,Progress,Discount_id) VALUES(151,'2022-10-29 01:00:00','2022-10-30 13:15:00',10,11,'finished',null);
INSERT INTO Orders (Orders_id,Create_day,Payment_day,Hotel_id,Users_id,Progress,Discount_id) VALUES(152,'2022-10-30 01:45:00','2022-10-31 14:00:00',4,28,'finished',null);
INSERT INTO Orders (Orders_id,Create_day,Payment_day,Hotel_id,Users_id,Progress,Discount_id) VALUES(153,'2022-10-31 02:30:00','2022-11-01 14:45:00',18,4,'canceled',null);
INSERT INTO Orders (Orders_id,Create_day,Payment_day,Hotel_id,Users_id,Progress,Discount_id) VALUES(154,'2022-11-01 03:15:00','2022-11-02 15:30:00',8,21,'finished',null);
INSERT INTO Orders (Orders_id,Create_day,Payment_day,Hotel_id,Users_id,Progress,Discount_id) VALUES(155,'2022-11-02 04:00:00','2022-11-03 16:15:00',15,37,'finished',null);
INSERT INTO Orders (Orders_id,Create_day,Payment_day,Hotel_id,Users_id,Progress,Discount_id) VALUES(156,'2022-11-03 04:45:00','2022-11-04 17:00:00',11,1,'finished',null);
INSERT INTO Orders (Orders_id,Create_day,Payment_day,Hotel_id,Users_id,Progress,Discount_id) VALUES(157,'2022-11-03 05:30:00','2022-11-04 17:45:00',14,17,'finished',null);
INSERT INTO Orders (Orders_id,Create_day,Payment_day,Hotel_id,Users_id,Progress,Discount_id) VALUES(158,'2022-11-04 06:15:00','2022-11-05 18:30:00',3,33,'finished',null);
INSERT INTO Orders (Orders_id,Create_day,Payment_day,Hotel_id,Users_id,Progress,Discount_id) VALUES(159,'2022-11-05 07:00:00','2022-11-06 19:15:00',16,40,'finished',null);
INSERT INTO Orders (Orders_id,Create_day,Payment_day,Hotel_id,Users_id,Progress,Discount_id) VALUES(160,'2022-11-06 07:45:00','2022-11-07 20:00:00',2,14,'finished',null);
INSERT INTO Orders (Orders_id,Create_day,Payment_day,Hotel_id,Users_id,Progress,Discount_id) VALUES(161,'2022-11-07 08:30:00','2022-11-08 20:45:00',9,31,'finished',null);
INSERT INTO Orders (Orders_id,Create_day,Payment_day,Hotel_id,Users_id,Progress,Discount_id) VALUES(162,'2022-11-08 09:15:00','2022-11-09 21:30:00',7,47,'finished',null);
INSERT INTO Orders (Orders_id,Create_day,Payment_day,Hotel_id,Users_id,Progress,Discount_id) VALUES(163,'2022-11-09 10:00:00','2022-11-10 22:15:00',5,20,'finished',null);
INSERT INTO Orders (Orders_id,Create_day,Payment_day,Hotel_id,Users_id,Progress,Discount_id) VALUES(164,'2022-11-10 10:45:00','2022-11-11 23:00:00',12,36,'finished',null);
INSERT INTO Orders (Orders_id,Create_day,Payment_day,Hotel_id,Users_id,Progress,Discount_id) VALUES(165,'2022-11-11 11:30:00','2022-11-12 23:45:00',3,12,'canceled',null);
INSERT INTO Orders (Orders_id,Create_day,Payment_day,Hotel_id,Users_id,Progress,Discount_id) VALUES(166,'2022-11-12 12:15:00','2022-11-13 00:30:00',17,29,'finished',null);
INSERT INTO Orders (Orders_id,Create_day,Payment_day,Hotel_id,Users_id,Progress,Discount_id) VALUES(167,'2022-11-13 13:00:00','2022-11-14 01:15:00',6,45,'finished',null);
INSERT INTO Orders (Orders_id,Create_day,Payment_day,Hotel_id,Users_id,Progress,Discount_id) VALUES(168,'2022-11-14 13:45:00','2022-11-15 02:00:00',19,18,'canceled',null);
INSERT INTO Orders (Orders_id,Create_day,Payment_day,Hotel_id,Users_id,Progress,Discount_id) VALUES(169,'2022-11-15 14:30:00','2022-11-16 02:45:00',1,34,'finished',null);
INSERT INTO Orders (Orders_id,Create_day,Payment_day,Hotel_id,Users_id,Progress,Discount_id) VALUES(170,'2022-11-16 15:15:00','2022-11-17 03:30:00',10,11,'finished',null);
INSERT INTO Orders (Orders_id,Create_day,Payment_day,Hotel_id,Users_id,Progress,Discount_id) VALUES(171,'2022-11-17 16:00:00','2022-11-18 04:15:00',4,28,'finished',null);
INSERT INTO Orders (Orders_id,Create_day,Payment_day,Hotel_id,Users_id,Progress,Discount_id) VALUES(172,'2022-11-18 16:45:00','2022-11-19 05:00:00',18,4,'finished',null);
INSERT INTO Orders (Orders_id,Create_day,Payment_day,Hotel_id,Users_id,Progress,Discount_id) VALUES(173,'2022-11-19 17:30:00','2022-11-20 05:45:00',8,21,'finished',null);
INSERT INTO Orders (Orders_id,Create_day,Payment_day,Hotel_id,Users_id,Progress,Discount_id) VALUES(174,'2022-11-20 18:15:00','2022-11-21 06:30:00',15,37,'finished',null);
INSERT INTO Orders (Orders_id,Create_day,Payment_day,Hotel_id,Users_id,Progress,Discount_id) VALUES(175,'2022-11-21 19:00:00','2022-11-22 07:15:00',11,1,'finished',null);
INSERT INTO Orders (Orders_id,Create_day,Payment_day,Hotel_id,Users_id,Progress,Discount_id) VALUES(176,'2022-11-22 19:45:00','2022-11-23 08:00:00',14,17,'finished',null);
INSERT INTO Orders (Orders_id,Create_day,Payment_day,Hotel_id,Users_id,Progress,Discount_id) VALUES(177,'2022-11-23 20:30:00','2022-11-24 08:45:00',3,33,'finished',null);
INSERT INTO Orders (Orders_id,Create_day,Payment_day,Hotel_id,Users_id,Progress,Discount_id) VALUES(178,'2022-11-24 21:15:00','2022-11-25 09:30:00',17,29,'finished',null);
INSERT INTO Orders (Orders_id,Create_day,Payment_day,Hotel_id,Users_id,Progress,Discount_id) VALUES(179,'2022-11-25 22:00:00','2022-11-26 10:15:00',6,45,'canceled',null);
INSERT INTO Orders (Orders_id,Create_day,Payment_day,Hotel_id,Users_id,Progress,Discount_id) VALUES(180,'2022-11-26 22:45:00','2022-11-27 11:00:00',19,18,'finished',null);
INSERT INTO Orders (Orders_id,Create_day,Payment_day,Hotel_id,Users_id,Progress,Discount_id) VALUES(181,'2022-11-27 23:30:00','2022-11-28 11:45:00',1,34,'canceled',null);
INSERT INTO Orders (Orders_id,Create_day,Payment_day,Hotel_id,Users_id,Progress,Discount_id) VALUES(182,'2022-11-28 00:15:00','2022-11-29 12:30:00',10,11,'finished',null);
INSERT INTO Orders (Orders_id,Create_day,Payment_day,Hotel_id,Users_id,Progress,Discount_id) VALUES(183,'2022-11-29 01:00:00','2022-11-30 13:15:00',4,28,'canceled',null);
INSERT INTO Orders (Orders_id,Create_day,Payment_day,Hotel_id,Users_id,Progress,Discount_id) VALUES(184,'2022-11-30 01:45:00','2022-12-01 14:00:00',18,4,'finished',null);
INSERT INTO Orders (Orders_id,Create_day,Payment_day,Hotel_id,Users_id,Progress,Discount_id) VALUES(185,'2022-12-01 02:30:00','2022-12-02 14:45:00',8,21,'finished',11);
INSERT INTO Orders (Orders_id,Create_day,Payment_day,Hotel_id,Users_id,Progress,Discount_id) VALUES(186,'2022-12-02 03:15:00','2022-12-03 15:30:00',15,37,'canceled',11);
INSERT INTO Orders (Orders_id,Create_day,Payment_day,Hotel_id,Users_id,Progress,Discount_id) VALUES(187,'2022-12-03 04:00:00','2022-12-04 16:15:00',11,1,'finished',11);
INSERT INTO Orders (Orders_id,Create_day,Payment_day,Hotel_id,Users_id,Progress,Discount_id) VALUES(188,'2022-12-04 04:45:00','2022-12-05 17:00:00',14,17,'canceled',11);
INSERT INTO Orders (Orders_id,Create_day,Payment_day,Hotel_id,Users_id,Progress,Discount_id) VALUES(189,'2022-12-05 05:30:00','2022-12-06 17:45:00',3,33,'finished',null);
INSERT INTO Orders (Orders_id,Create_day,Payment_day,Hotel_id,Users_id,Progress,Discount_id) VALUES(190,'2022-12-06 06:15:00','2022-12-07 18:30:00',17,29,'finished',null);
INSERT INTO Orders (Orders_id,Create_day,Payment_day,Hotel_id,Users_id,Progress,Discount_id) VALUES(191,'2022-12-07 07:00:00','2022-12-08 19:15:00',6,45,'canceled',null);
INSERT INTO Orders (Orders_id,Create_day,Payment_day,Hotel_id,Users_id,Progress,Discount_id) VALUES(192,'2022-12-08 07:45:00','2022-12-09 20:00:00',19,18,'finished',11);
INSERT INTO Orders (Orders_id,Create_day,Payment_day,Hotel_id,Users_id,Progress,Discount_id) VALUES(193,'2022-12-09 08:30:00','2022-12-10 20:45:00',1,34,'finished',11);
INSERT INTO Orders (Orders_id,Create_day,Payment_day,Hotel_id,Users_id,Progress,Discount_id) VALUES(194,'2022-12-10 09:15:00','2022-12-11 21:30:00',10,11,'finished',null);
INSERT INTO Orders (Orders_id,Create_day,Payment_day,Hotel_id,Users_id,Progress,Discount_id) VALUES(195,'2022-12-11 10:00:00','2022-12-12 22:15:00',4,28,'finished',null);
INSERT INTO Orders (Orders_id,Create_day,Payment_day,Hotel_id,Users_id,Progress,Discount_id) VALUES(196,'2022-12-12 10:45:00','2022-12-13 23:00:00',18,4,'finished',11);
INSERT INTO Orders (Orders_id,Create_day,Payment_day,Hotel_id,Users_id,Progress,Discount_id) VALUES(197,'2022-12-13 11:30:00','2022-12-14 23:45:00',8,21,'finished',11);
INSERT INTO Orders (Orders_id,Create_day,Payment_day,Hotel_id,Users_id,Progress,Discount_id) VALUES(198,'2022-12-14 12:15:00','2022-12-15 00:30:00',15,37,'canceled',null);
INSERT INTO Orders (Orders_id,Create_day,Payment_day,Hotel_id,Users_id,Progress,Discount_id) VALUES(199,'2022-12-15 13:00:00','2022-12-16 01:15:00',11,1,'finished',null);
INSERT INTO Orders (Orders_id,Create_day,Payment_day,Hotel_id,Users_id,Progress,Discount_id) VALUES(200,'2022-12-16 13:45:00','2022-12-17 02:00:00',14,17,'finished',11);
INSERT INTO Orders (Orders_id,Create_day,Payment_day,Hotel_id,Users_id,Progress,Discount_id) VALUES(201,'2022-12-17 00:15:00','2022-12-18 02:45:00',3,33,'canceled',null);
INSERT INTO Orders (Orders_id,Create_day,Payment_day,Hotel_id,Users_id,Progress,Discount_id) VALUES(202,'2022-12-18 01:00:00','2022-12-19 03:30:00',17,29,'canceled',null);
INSERT INTO Orders (Orders_id,Create_day,Payment_day,Hotel_id,Users_id,Progress,Discount_id) VALUES(203,'2022-12-19 01:45:00','2022-12-20 04:15:00',6,45,'finished',null);
INSERT INTO Orders (Orders_id,Create_day,Payment_day,Hotel_id,Users_id,Progress,Discount_id) VALUES(204,'2022-12-20 02:30:00','2022-12-21 05:00:00',19,18,'finished',11);
INSERT INTO Orders (Orders_id,Create_day,Payment_day,Hotel_id,Users_id,Progress,Discount_id) VALUES(205,'2022-12-21 03:15:00','2022-12-22 05:45:00',1,34,'finished',11);
INSERT INTO Orders (Orders_id,Create_day,Payment_day,Hotel_id,Users_id,Progress,Discount_id) VALUES(206,'2022-12-22 04:00:00','2022-12-23 06:30:00',10,11,'canceled',null);
INSERT INTO Orders (Orders_id,Create_day,Payment_day,Hotel_id,Users_id,Progress,Discount_id) VALUES(207,'2022-12-23 04:45:00','2022-12-24 07:15:00',4,28,'finished',null);
INSERT INTO Orders (Orders_id,Create_day,Payment_day,Hotel_id,Users_id,Progress,Discount_id) VALUES(208,'2022-12-24 05:30:00','2022-12-25 08:00:00',18,4,'finished',11);
INSERT INTO Orders (Orders_id,Create_day,Payment_day,Hotel_id,Users_id,Progress,Discount_id) VALUES(209,'2022-12-25 06:15:00','2022-12-26 08:45:00',8,21,'canceled',null);
INSERT INTO Orders (Orders_id,Create_day,Payment_day,Hotel_id,Users_id,Progress,Discount_id) VALUES(210,'2022-12-26 07:00:00','2022-12-27 09:30:00',15,37,'finished',11);
INSERT INTO Orders (Orders_id,Create_day,Payment_day,Hotel_id,Users_id,Progress,Discount_id) VALUES(211,'2022-12-27 07:45:00','2022-12-28 10:15:00',11,1,'finished',11);
INSERT INTO Orders (Orders_id,Create_day,Payment_day,Hotel_id,Users_id,Progress,Discount_id) VALUES(212,'2022-12-28 08:30:00','2022-12-29 11:00:00',14,17,'finished',null);
INSERT INTO Orders (Orders_id,Create_day,Payment_day,Hotel_id,Users_id,Progress,Discount_id) VALUES(213,'2022-12-29 09:15:00','2022-12-30 11:45:00',3,33,'finished',null);
INSERT INTO Orders (Orders_id,Create_day,Payment_day,Hotel_id,Users_id,Progress,Discount_id) VALUES(214,'2022-12-30 10:00:00','2022-12-31 12:30:00',17,29,'canceled',11);
INSERT INTO Orders (Orders_id,Create_day,Payment_day,Hotel_id,Users_id,Progress,Discount_id) VALUES(215,'2022-12-31 10:45:00','2023-01-01 13:15:00',6,45,'canceled',null);
INSERT INTO Orders (Orders_id,Create_day,Payment_day,Hotel_id,Users_id,Progress,Discount_id) VALUES(216,'2023-01-01 11:30:00','2023-01-02 14:00:00',19,18,'finished',12);
INSERT INTO Orders (Orders_id,Create_day,Payment_day,Hotel_id,Users_id,Progress,Discount_id) VALUES(217,'2023-01-02 12:15:00','2023-01-03 14:45:00',1,34,'finished',12);
INSERT INTO Orders (Orders_id,Create_day,Payment_day,Hotel_id,Users_id,Progress,Discount_id) VALUES(218,'2023-01-03 13:00:00','2023-01-04 15:30:00',10,11,'finished',12);
INSERT INTO Orders (Orders_id,Create_day,Payment_day,Hotel_id,Users_id,Progress,Discount_id) VALUES(219,'2023-01-04 13:45:00','2023-01-05 16:15:00',4,28,'finished',12);
INSERT INTO Orders (Orders_id,Create_day,Payment_day,Hotel_id,Users_id,Progress,Discount_id) VALUES(220,'2023-01-05 14:30:00','2023-01-06 17:00:00',18,4,'finished',12);
INSERT INTO Orders (Orders_id,Create_day,Payment_day,Hotel_id,Users_id,Progress,Discount_id) VALUES(221,'2023-01-06 15:15:00','2023-01-07 17:45:00',8,21,'finished',12);
INSERT INTO Orders (Orders_id,Create_day,Payment_day,Hotel_id,Users_id,Progress,Discount_id) VALUES(222,'2023-01-07 16:00:00','2023-01-08 18:30:00',15,37,'finished',12);
INSERT INTO Orders (Orders_id,Create_day,Payment_day,Hotel_id,Users_id,Progress,Discount_id) VALUES(223,'2023-01-08 16:45:00','2023-01-09 19:15:00',11,1,'finished',12);
INSERT INTO Orders (Orders_id,Create_day,Payment_day,Hotel_id,Users_id,Progress,Discount_id) VALUES(224,'2023-01-09 17:30:00','2023-01-10 20:00:00',14,17,'finished',12);
INSERT INTO Orders (Orders_id,Create_day,Payment_day,Hotel_id,Users_id,Progress,Discount_id) VALUES(225,'2023-01-10 18:15:00','2023-01-11 20:45:00',3,33,'finished',12);
INSERT INTO Orders (Orders_id,Create_day,Payment_day,Hotel_id,Users_id,Progress,Discount_id) VALUES(226,'2023-01-11 19:00:00','2023-01-12 21:30:00',17,29,'finished',12);
INSERT INTO Orders (Orders_id,Create_day,Payment_day,Hotel_id,Users_id,Progress,Discount_id) VALUES(227,'2023-01-12 19:45:00','2023-01-13 22:15:00',6,45,'finished',null);
INSERT INTO Orders (Orders_id,Create_day,Payment_day,Hotel_id,Users_id,Progress,Discount_id) VALUES(228,'2023-01-13 20:30:00','2023-01-14 23:00:00',19,18,'finished',null);
INSERT INTO Orders (Orders_id,Create_day,Payment_day,Hotel_id,Users_id,Progress,Discount_id) VALUES(229,'2023-01-14 21:15:00','2023-01-15 23:45:00',1,34,'finished',12);
INSERT INTO Orders (Orders_id,Create_day,Payment_day,Hotel_id,Users_id,Progress,Discount_id) VALUES(230,'2023-01-15 22:00:00','2023-01-16 00:30:00',10,11,'finished',12);
INSERT INTO Orders (Orders_id,Create_day,Payment_day,Hotel_id,Users_id,Progress,Discount_id) VALUES(231,'2023-01-16 22:45:00','2023-01-17 01:15:00',4,28,'finished',12);
INSERT INTO Orders (Orders_id,Create_day,Payment_day,Hotel_id,Users_id,Progress,Discount_id) VALUES(232,'2023-01-17 23:30:00','2023-01-18 02:00:00',18,4,'finished',12);
INSERT INTO Orders (Orders_id,Create_day,Payment_day,Hotel_id,Users_id,Progress,Discount_id) VALUES(233,'2023-01-18 00:15:00','2023-01-19 02:45:00',8,21,'finished',null);
INSERT INTO Orders (Orders_id,Create_day,Payment_day,Hotel_id,Users_id,Progress,Discount_id) VALUES(234,'2023-01-19 01:00:00','2023-01-20 03:30:00',15,37,'finished',null);
INSERT INTO Orders (Orders_id,Create_day,Payment_day,Hotel_id,Users_id,Progress,Discount_id) VALUES(235,'2023-01-20 01:45:00','2023-01-21 04:15:00',11,1,'finished',null);
INSERT INTO Orders (Orders_id,Create_day,Payment_day,Hotel_id,Users_id,Progress,Discount_id) VALUES(236,'2023-01-21 02:30:00','2023-01-22 05:00:00',14,17,'finished',null);
INSERT INTO Orders (Orders_id,Create_day,Payment_day,Hotel_id,Users_id,Progress,Discount_id) VALUES(237,'2023-01-22 03:15:00','2023-01-23 05:45:00',3,33,'finished',null);
INSERT INTO Orders (Orders_id,Create_day,Payment_day,Hotel_id,Users_id,Progress,Discount_id) VALUES(238,'2023-01-23 04:00:00','2023-01-24 06:30:00',17,29,'finished',12);
INSERT INTO Orders (Orders_id,Create_day,Payment_day,Hotel_id,Users_id,Progress,Discount_id) VALUES(239,'2023-01-24 04:45:00','2023-01-25 07:15:00',6,45,'finished',12);
INSERT INTO Orders (Orders_id,Create_day,Payment_day,Hotel_id,Users_id,Progress,Discount_id) VALUES(240,'2023-01-25 05:30:00','2023-01-26 08:00:00',19,18,'finished',12);
INSERT INTO Orders (Orders_id,Create_day,Payment_day,Hotel_id,Users_id,Progress,Discount_id) VALUES(241,'2023-01-26 06:15:00','2023-01-27 08:45:00',1,34,'canceled',12);
INSERT INTO Orders (Orders_id,Create_day,Payment_day,Hotel_id,Users_id,Progress,Discount_id) VALUES(242,'2023-01-27 07:00:00','2023-01-28 09:30:00',10,11,'canceled',null);
INSERT INTO Orders (Orders_id,Create_day,Payment_day,Hotel_id,Users_id,Progress,Discount_id) VALUES(243,'2023-01-28 07:45:00','2023-01-29 10:15:00',4,28,'finished',null);
INSERT INTO Orders (Orders_id,Create_day,Payment_day,Hotel_id,Users_id,Progress,Discount_id) VALUES(244,'2023-01-29 08:30:00','2023-01-30 11:00:00',18,4,'finished',null);
INSERT INTO Orders (Orders_id,Create_day,Payment_day,Hotel_id,Users_id,Progress,Discount_id) VALUES(245,'2023-01-30 09:15:00','2023-01-31 11:45:00',8,21,'finished',null);
INSERT INTO Orders (Orders_id,Create_day,Payment_day,Hotel_id,Users_id,Progress,Discount_id) VALUES(246,'2023-01-31 10:00:00','2023-02-01 12:30:00',15,37,'canceled',null);
INSERT INTO Orders (Orders_id,Create_day,Payment_day,Hotel_id,Users_id,Progress,Discount_id) VALUES(247,'2023-02-01 10:45:00','2023-02-02 13:15:00',11,1,'finished',null);
INSERT INTO Orders (Orders_id,Create_day,Payment_day,Hotel_id,Users_id,Progress,Discount_id) VALUES(248,'2023-02-02 11:30:00','2023-02-03 14:00:00',14,17,'finished',null);
INSERT INTO Orders (Orders_id,Create_day,Payment_day,Hotel_id,Users_id,Progress,Discount_id) VALUES(249,'2023-02-03 12:15:00','2023-02-04 14:45:00',3,33,'finished',null);
INSERT INTO Orders (Orders_id,Create_day,Payment_day,Hotel_id,Users_id,Progress,Discount_id) VALUES(250,'2023-02-04 13:00:00','2023-02-05 15:30:00',17,29,'finished',null);
INSERT INTO Orders (Orders_id,Create_day,Payment_day,Hotel_id,Users_id,Progress,Discount_id) VALUES(251,'2023-02-05 13:45:00','2023-02-06 16:15:00',6,45,'finished',null);
INSERT INTO Orders (Orders_id,Create_day,Payment_day,Hotel_id,Users_id,Progress,Discount_id) VALUES(252,'2023-02-06 14:30:00','2023-02-07 17:00:00',19,18,'finished',null);
INSERT INTO Orders (Orders_id,Create_day,Payment_day,Hotel_id,Users_id,Progress,Discount_id) VALUES(253,'2023-02-07 15:15:00','2023-02-08 17:45:00',1,34,'finished',null);
INSERT INTO Orders (Orders_id,Create_day,Payment_day,Hotel_id,Users_id,Progress,Discount_id) VALUES(254,'2023-02-08 16:00:00','2023-02-09 18:30:00',10,11,'canceled',null);
INSERT INTO Orders (Orders_id,Create_day,Payment_day,Hotel_id,Users_id,Progress,Discount_id) VALUES(255,'2023-02-09 16:45:00','2023-02-10 17:30:00',8,13,'finished',null);
INSERT INTO Orders (Orders_id,Create_day,Payment_day,Hotel_id,Users_id,Progress,Discount_id) VALUES(256,'2023-02-09 17:30:00','2023-02-10 19:15:00',4,28,'finished',null);
INSERT INTO Orders (Orders_id,Create_day,Payment_day,Hotel_id,Users_id,Progress,Discount_id) VALUES(257,'2023-02-10 18:15:00','2023-02-11 20:00:00',18,4,'finished',null);
INSERT INTO Orders (Orders_id,Create_day,Payment_day,Hotel_id,Users_id,Progress,Discount_id) VALUES(258,'2023-02-11 19:00:00','2023-02-12 20:45:00',8,21,'finished',null);
INSERT INTO Orders (Orders_id,Create_day,Payment_day,Hotel_id,Users_id,Progress,Discount_id) VALUES(259,'2023-02-12 19:45:00','2023-02-13 21:30:00',15,37,'canceled',null);
INSERT INTO Orders (Orders_id,Create_day,Payment_day,Hotel_id,Users_id,Progress,Discount_id) VALUES(260,'2023-02-13 20:30:00','2023-02-14 22:15:00',11,1,'finished',null);
INSERT INTO Orders (Orders_id,Create_day,Payment_day,Hotel_id,Users_id,Progress,Discount_id) VALUES(261,'2023-02-14 21:15:00','2023-02-15 23:00:00',14,17,'finished',null);
INSERT INTO Orders (Orders_id,Create_day,Payment_day,Hotel_id,Users_id,Progress,Discount_id) VALUES(262,'2023-02-15 22:00:00','2023-02-16 23:45:00',3,33,'finished',null);
INSERT INTO Orders (Orders_id,Create_day,Payment_day,Hotel_id,Users_id,Progress,Discount_id) VALUES(263,'2023-02-16 22:45:00','2023-02-17 00:30:00',17,29,'finished',null);
INSERT INTO Orders (Orders_id,Create_day,Payment_day,Hotel_id,Users_id,Progress,Discount_id) VALUES(264,'2023-02-17 23:30:00','2023-02-18 01:15:00',6,45,'canceled',null);
INSERT INTO Orders (Orders_id,Create_day,Payment_day,Hotel_id,Users_id,Progress,Discount_id) VALUES(265,'2023-02-18 00:15:00','2023-02-19 02:00:00',19,18,'finished',null);
INSERT INTO Orders (Orders_id,Create_day,Payment_day,Hotel_id,Users_id,Progress,Discount_id) VALUES(266,'2023-02-19 01:00:00','2023-02-20 02:45:00',1,34,'finished',null);
INSERT INTO Orders (Orders_id,Create_day,Payment_day,Hotel_id,Users_id,Progress,Discount_id) VALUES(267,'2023-02-20 01:45:00','2023-02-21 03:30:00',10,11,'finished',null);
INSERT INTO Orders (Orders_id,Create_day,Payment_day,Hotel_id,Users_id,Progress,Discount_id) VALUES(268,'2023-02-21 02:30:00','2023-02-22 04:15:00',4,28,'finished',null);
INSERT INTO Orders (Orders_id,Create_day,Payment_day,Hotel_id,Users_id,Progress,Discount_id) VALUES(269,'2023-02-22 03:15:00','2023-02-23 05:00:00',18,4,'canceled',null);
INSERT INTO Orders (Orders_id,Create_day,Payment_day,Hotel_id,Users_id,Progress,Discount_id) VALUES(270,'2023-02-23 04:00:00','2023-02-24 05:45:00',8,21,'finished',null);
INSERT INTO Orders (Orders_id,Create_day,Payment_day,Hotel_id,Users_id,Progress,Discount_id) VALUES(271,'2023-02-24 04:45:00','2023-02-25 06:30:00',15,37,'finished',null);
INSERT INTO Orders (Orders_id,Create_day,Payment_day,Hotel_id,Users_id,Progress,Discount_id) VALUES(272,'2023-02-25 05:30:00','2023-02-26 07:15:00',11,1,'finished',null);
INSERT INTO Orders (Orders_id,Create_day,Payment_day,Hotel_id,Users_id,Progress,Discount_id) VALUES(273,'2023-02-26 06:15:00','2023-02-27 08:00:00',14,17,'finished',null);
INSERT INTO Orders (Orders_id,Create_day,Payment_day,Hotel_id,Users_id,Progress,Discount_id) VALUES(274,'2023-02-27 07:00:00','2023-02-28 08:45:00',3,33,'canceled',null);
INSERT INTO Orders (Orders_id,Create_day,Payment_day,Hotel_id,Users_id,Progress,Discount_id) VALUES(275,'2023-02-28 07:45:00','2023-03-01 09:30:00',17,29,'finished',null);
INSERT INTO Orders (Orders_id,Create_day,Payment_day,Hotel_id,Users_id,Progress,Discount_id) VALUES(276,'2023-03-01 08:30:00','2023-03-02 10:15:00',6,45,'finished',null);
INSERT INTO Orders (Orders_id,Create_day,Payment_day,Hotel_id,Users_id,Progress,Discount_id) VALUES(277,'2023-03-02 09:15:00','2023-03-03 11:00:00',19,18,'canceled',null);
INSERT INTO Orders (Orders_id,Create_day,Payment_day,Hotel_id,Users_id,Progress,Discount_id) VALUES(278,'2023-03-03 10:00:00','2023-03-04 11:45:00',1,34,'finished',null);
INSERT INTO Orders (Orders_id,Create_day,Payment_day,Hotel_id,Users_id,Progress,Discount_id) VALUES(279,'2023-03-04 10:45:00','2023-03-05 12:30:00',10,11,'finished',null);
INSERT INTO Orders (Orders_id,Create_day,Payment_day,Hotel_id,Users_id,Progress,Discount_id) VALUES(280,'2023-03-05 11:30:00','2023-03-06 13:15:00',4,28,'finished',null);
INSERT INTO Orders (Orders_id,Create_day,Payment_day,Hotel_id,Users_id,Progress,Discount_id) VALUES(281,'2023-03-06 12:15:00','2023-03-07 14:00:00',18,4,'finished',null);
INSERT INTO Orders (Orders_id,Create_day,Payment_day,Hotel_id,Users_id,Progress,Discount_id) VALUES(282,'2023-03-07 13:00:00','2023-03-08 14:45:00',8,21,'finished',null);
INSERT INTO Orders (Orders_id,Create_day,Payment_day,Hotel_id,Users_id,Progress,Discount_id) VALUES(283,'2023-03-08 13:45:00','2023-03-09 15:30:00',15,37,'finished',null);
INSERT INTO Orders (Orders_id,Create_day,Payment_day,Hotel_id,Users_id,Progress,Discount_id) VALUES(284,'2023-03-09 14:30:00','2023-03-10 16:15:00',11,1,'canceled',null);
INSERT INTO Orders (Orders_id,Create_day,Payment_day,Hotel_id,Users_id,Progress,Discount_id) VALUES(285,'2023-03-10 15:15:00','2023-03-11 17:00:00',14,17,'finished',null);
INSERT INTO Orders (Orders_id,Create_day,Payment_day,Hotel_id,Users_id,Progress,Discount_id) VALUES(286,'2023-03-11 16:00:00','2023-03-12 17:45:00',3,33,'finished',null);
INSERT INTO Orders (Orders_id,Create_day,Payment_day,Hotel_id,Users_id,Progress,Discount_id) VALUES(287,'2023-03-12 16:45:00','2023-03-13 18:30:00',17,29,'canceled',null);
INSERT INTO Orders (Orders_id,Create_day,Payment_day,Hotel_id,Users_id,Progress,Discount_id) VALUES(288,'2023-03-13 17:30:00','2023-03-14 19:15:00',6,45,'finished',null);
INSERT INTO Orders (Orders_id,Create_day,Payment_day,Hotel_id,Users_id,Progress,Discount_id) VALUES(289,'2023-03-14 18:15:00','2023-03-15 20:00:00',19,18,'finished',null);
INSERT INTO Orders (Orders_id,Create_day,Payment_day,Hotel_id,Users_id,Progress,Discount_id) VALUES(290,'2023-03-15 19:00:00','2023-03-16 20:45:00',1,34,'canceled',null);
INSERT INTO Orders (Orders_id,Create_day,Payment_day,Hotel_id,Users_id,Progress,Discount_id) VALUES(291,'2023-03-16 19:45:00','2023-03-17 21:30:00',10,11,'finished',null);
INSERT INTO Orders (Orders_id,Create_day,Payment_day,Hotel_id,Users_id,Progress,Discount_id) VALUES(292,'2023-03-17 20:30:00','2023-03-18 22:15:00',4,28,'finished',null);
INSERT INTO Orders (Orders_id,Create_day,Payment_day,Hotel_id,Users_id,Progress,Discount_id) VALUES(293,'2023-03-18 21:15:00','2023-03-19 23:00:00',18,4,'canceled',null);
INSERT INTO Orders (Orders_id,Create_day,Payment_day,Hotel_id,Users_id,Progress,Discount_id) VALUES(294,'2023-03-19 22:00:00','2023-03-20 23:45:00',8,21,'finished',null);
INSERT INTO Orders (Orders_id,Create_day,Payment_day,Hotel_id,Users_id,Progress,Discount_id) VALUES(295,'2023-03-20 22:45:00','2023-03-21 00:30:00',15,37,'finished',null);
INSERT INTO Orders (Orders_id,Create_day,Payment_day,Hotel_id,Users_id,Progress,Discount_id) VALUES(296,'2023-03-21 23:30:00','2023-03-22 01:15:00',11,1,'finished',null);
INSERT INTO Orders (Orders_id,Create_day,Payment_day,Hotel_id,Users_id,Progress,Discount_id) VALUES(297,'2023-03-22 00:15:00','2023-03-23 02:00:00',14,17,'canceled',null);
INSERT INTO Orders (Orders_id,Create_day,Payment_day,Hotel_id,Users_id,Progress,Discount_id) VALUES(298,'2023-03-23 01:00:00','2023-03-24 02:45:00',3,33,'finished',null);
INSERT INTO Orders (Orders_id,Create_day,Payment_day,Hotel_id,Users_id,Progress,Discount_id) VALUES(299,'2023-03-24 01:45:00','2023-03-25 03:30:00',17,29,'finished',null);
INSERT INTO Orders (Orders_id,Create_day,Payment_day,Hotel_id,Users_id,Progress,Discount_id) VALUES(300,'2023-03-25 02:30:00','2023-03-26 04:15:00',6,45,'finished',null);



/* OrderDetail */
INSERT INTO OrderDetail (Checkindate,Checkoutdate,Orders_id,Room_id,Counts) VALUES('2022-06-01 19:50:00','2022-06-02 20:10:00',1,3,2);
INSERT INTO OrderDetail (Checkindate,Checkoutdate,Orders_id,Room_id,Counts) VALUES('2022-06-02 20:30:00','2022-06-03 21:45:00',2,1,3);
INSERT INTO OrderDetail (Checkindate,Checkoutdate,Orders_id,Room_id,Counts) VALUES('2022-06-03 21:15:00','2022-06-04 22:30:00',3,4,1);
INSERT INTO OrderDetail (Checkindate,Checkoutdate,Orders_id,Room_id,Counts) VALUES('2022-06-04 22:00:00','2022-06-05 23:15:00',4,2,2);
INSERT INTO OrderDetail (Checkindate,Checkoutdate,Orders_id,Room_id,Counts) VALUES('2022-06-05 23:45:00','2022-06-06 00:00:00',5,3,4);
INSERT INTO OrderDetail (Checkindate,Checkoutdate,Orders_id,Room_id,Counts) VALUES('2022-06-06 00:30:00','2022-06-07 01:45:00',6,1,3);
INSERT INTO OrderDetail (Checkindate,Checkoutdate,Orders_id,Room_id,Counts) VALUES('2022-06-07 01:15:00','2022-06-08 02:30:00',7,2,1);
INSERT INTO OrderDetail (Checkindate,Checkoutdate,Orders_id,Room_id,Counts) VALUES('2022-06-08 02:00:00','2022-06-09 03:15:00',8,4,2);
INSERT INTO OrderDetail (Checkindate,Checkoutdate,Orders_id,Room_id,Counts) VALUES('2022-06-09 02:45:00','2022-06-10 04:00:00',9,3,4);
INSERT INTO OrderDetail (Checkindate,Checkoutdate,Orders_id,Room_id,Counts) VALUES('2022-06-10 03:30:00','2022-06-11 04:45:00',10,1,3);
INSERT INTO OrderDetail (Checkindate,Checkoutdate,Orders_id,Room_id,Counts) VALUES('2022-06-11 04:15:00','2022-06-12 05:30:00',11,4,1);
INSERT INTO OrderDetail (Checkindate,Checkoutdate,Orders_id,Room_id,Counts) VALUES('2022-06-12 05:00:00','2022-06-13 06:15:00',12,2,4);
INSERT INTO OrderDetail (Checkindate,Checkoutdate,Orders_id,Room_id,Counts) VALUES('2022-06-13 05:45:00','2022-06-14 07:00:00',13,3,2);
INSERT INTO OrderDetail (Checkindate,Checkoutdate,Orders_id,Room_id,Counts) VALUES('2022-06-14 06:30:00','2022-06-15 07:45:00',14,1,3);
INSERT INTO OrderDetail (Checkindate,Checkoutdate,Orders_id,Room_id,Counts) VALUES('2022-06-15 07:15:00','2022-06-16 08:30:00',15,2,1);
INSERT INTO OrderDetail (Checkindate,Checkoutdate,Orders_id,Room_id,Counts) VALUES('2022-06-16 08:00:00','2022-06-17 09:15:00',16,4,2);
INSERT INTO OrderDetail (Checkindate,Checkoutdate,Orders_id,Room_id,Counts) VALUES('2022-06-17 08:45:00','2022-06-18 10:00:00',17,3,4);
INSERT INTO OrderDetail (Checkindate,Checkoutdate,Orders_id,Room_id,Counts) VALUES('2022-06-18 09:30:00','2022-06-19 10:45:00',18,1,3);
INSERT INTO OrderDetail (Checkindate,Checkoutdate,Orders_id,Room_id,Counts) VALUES('2022-06-19 10:15:00','2022-06-20 11:30:00',19,2,1);
INSERT INTO OrderDetail (Checkindate,Checkoutdate,Orders_id,Room_id,Counts) VALUES('2022-06-20 11:00:00','2022-06-21 12:15:00',20,4,2);
INSERT INTO OrderDetail (Checkindate,Checkoutdate,Orders_id,Room_id,Counts) VALUES('2022-06-21 11:45:00','2022-06-22 13:00:00',21,3,4);
INSERT INTO OrderDetail (Checkindate,Checkoutdate,Orders_id,Room_id,Counts) VALUES('2022-06-22 12:30:00','2022-06-23 13:45:00',22,1,3);
INSERT INTO OrderDetail (Checkindate,Checkoutdate,Orders_id,Room_id,Counts) VALUES('2022-06-23 13:15:00','2022-06-24 14:30:00',23,4,1);
INSERT INTO OrderDetail (Checkindate,Checkoutdate,Orders_id,Room_id,Counts) VALUES('2022-06-24 14:00:00','2022-06-25 15:15:00',24,2,4);
INSERT INTO OrderDetail (Checkindate,Checkoutdate,Orders_id,Room_id,Counts) VALUES('2022-06-25 14:45:00','2022-06-26 16:00:00',25,3,2);
INSERT INTO OrderDetail (Checkindate,Checkoutdate,Orders_id,Room_id,Counts) VALUES('2022-06-26 15:30:00','2022-06-27 16:45:00',26,1,3);
INSERT INTO OrderDetail (Checkindate,Checkoutdate,Orders_id,Room_id,Counts) VALUES('2022-06-27 16:15:00','2022-06-28 17:30:00',27,2,1);
INSERT INTO OrderDetail (Checkindate,Checkoutdate,Orders_id,Room_id,Counts) VALUES('2022-06-28 17:00:00','2022-06-29 18:15:00',28,4,2);
INSERT INTO OrderDetail (Checkindate,Checkoutdate,Orders_id,Room_id,Counts) VALUES('2022-06-29 17:45:00','2022-06-30 19:00:00',29,3,4);
INSERT INTO OrderDetail (Checkindate,Checkoutdate,Orders_id,Room_id,Counts) VALUES('2022-06-30 18:30:00','2022-07-01 19:45:00',30,1,3);
INSERT INTO OrderDetail (Checkindate,Checkoutdate,Orders_id,Room_id,Counts) VALUES('2022-07-01 19:15:00','2022-07-02 20:30:00',31,2,1);
INSERT INTO OrderDetail (Checkindate,Checkoutdate,Orders_id,Room_id,Counts) VALUES('2022-07-02 20:00:00','2022-07-03 21:15:00',32,4,2);
INSERT INTO OrderDetail (Checkindate,Checkoutdate,Orders_id,Room_id,Counts) VALUES('2022-07-03 20:45:00','2022-07-04 22:00:00',33,3,4);
INSERT INTO OrderDetail (Checkindate,Checkoutdate,Orders_id,Room_id,Counts) VALUES('2022-07-04 21:30:00','2022-07-05 22:45:00',34,1,3);
INSERT INTO OrderDetail (Checkindate,Checkoutdate,Orders_id,Room_id,Counts) VALUES('2022-07-05 22:15:00','2022-07-06 23:30:00',35,4,1);
INSERT INTO OrderDetail (Checkindate,Checkoutdate,Orders_id,Room_id,Counts) VALUES('2022-07-06 23:00:00','2022-07-07 00:15:00',36,2,4);
INSERT INTO OrderDetail (Checkindate,Checkoutdate,Orders_id,Room_id,Counts) VALUES('2022-07-07 23:45:00','2022-07-08 01:00:00',37,3,2);
INSERT INTO OrderDetail (Checkindate,Checkoutdate,Orders_id,Room_id,Counts) VALUES('2022-07-08 00:30:00','2022-07-09 01:45:00',38,1,3);
INSERT INTO OrderDetail (Checkindate,Checkoutdate,Orders_id,Room_id,Counts) VALUES('2022-07-09 01:15:00','2022-07-10 02:30:00',39,2,1);
INSERT INTO OrderDetail (Checkindate,Checkoutdate,Orders_id,Room_id,Counts) VALUES('2022-07-10 02:00:00','2022-07-11 03:15:00',40,4,2);
INSERT INTO OrderDetail (Checkindate,Checkoutdate,Orders_id,Room_id,Counts) VALUES('2022-07-11 02:45:00','2022-07-12 04:00:00',41,3,4);
INSERT INTO OrderDetail (Checkindate,Checkoutdate,Orders_id,Room_id,Counts) VALUES('2022-07-12 03:30:00','2022-07-13 04:45:00',42,1,3);
INSERT INTO OrderDetail (Checkindate,Checkoutdate,Orders_id,Room_id,Counts) VALUES('2022-07-13 04:15:00','2022-07-14 05:30:00',43,2,1);
INSERT INTO OrderDetail (Checkindate,Checkoutdate,Orders_id,Room_id,Counts) VALUES('2022-07-14 05:00:00','2022-07-15 06:15:00',44,4,2);
INSERT INTO OrderDetail (Checkindate,Checkoutdate,Orders_id,Room_id,Counts) VALUES('2022-07-15 05:45:00','2022-07-16 07:00:00',45,3,4);
INSERT INTO OrderDetail (Checkindate,Checkoutdate,Orders_id,Room_id,Counts) VALUES('2022-07-16 06:30:00','2022-07-17 07:45:00',46,1,3);
INSERT INTO OrderDetail (Checkindate,Checkoutdate,Orders_id,Room_id,Counts) VALUES('2022-07-17 08:00:00','2022-07-18 09:15:00',47,4,1);
INSERT INTO OrderDetail (Checkindate,Checkoutdate,Orders_id,Room_id,Counts) VALUES('2022-07-18 08:45:00','2022-07-19 10:00:00',48,2,4);
INSERT INTO OrderDetail (Checkindate,Checkoutdate,Orders_id,Room_id,Counts) VALUES('2022-07-19 09:30:00','2022-07-20 10:45:00',49,3,2);
INSERT INTO OrderDetail (Checkindate,Checkoutdate,Orders_id,Room_id,Counts) VALUES('2022-07-20 10:15:00','2022-07-21 11:30:00',50,1,3);
INSERT INTO OrderDetail (Checkindate,Checkoutdate,Orders_id,Room_id,Counts) VALUES('2022-07-21 11:45:00','2022-07-22 13:00:00',51,2,1);
INSERT INTO OrderDetail (Checkindate,Checkoutdate,Orders_id,Room_id,Counts) VALUES('2022-07-22 12:30:00','2022-07-23 13:45:00',52,4,2);
INSERT INTO OrderDetail (Checkindate,Checkoutdate,Orders_id,Room_id,Counts) VALUES('2022-07-23 13:15:00','2022-07-24 14:30:00',53,3,4);
INSERT INTO OrderDetail (Checkindate,Checkoutdate,Orders_id,Room_id,Counts) VALUES('2022-07-24 14:00:00','2022-07-25 15:15:00',54,1,3);
INSERT INTO OrderDetail (Checkindate,Checkoutdate,Orders_id,Room_id,Counts) VALUES('2022-07-25 14:45:00','2022-07-26 16:00:00',55,2,1);
INSERT INTO OrderDetail (Checkindate,Checkoutdate,Orders_id,Room_id,Counts) VALUES('2022-07-26 15:30:00','2022-07-27 16:45:00',56,4,2);
INSERT INTO OrderDetail (Checkindate,Checkoutdate,Orders_id,Room_id,Counts) VALUES('2022-07-27 16:15:00','2022-07-28 17:30:00',57,3,4);
INSERT INTO OrderDetail (Checkindate,Checkoutdate,Orders_id,Room_id,Counts) VALUES('2022-07-28 17:00:00','2022-07-29 18:15:00',58,1,3);
INSERT INTO OrderDetail (Checkindate,Checkoutdate,Orders_id,Room_id,Counts) VALUES('2022-07-29 17:45:00','2022-07-30 19:00:00',59,4,1);
INSERT INTO OrderDetail (Checkindate,Checkoutdate,Orders_id,Room_id,Counts) VALUES('2022-07-30 18:30:00','2022-07-31 19:45:00',60,2,4);
INSERT INTO OrderDetail (Checkindate,Checkoutdate,Orders_id,Room_id,Counts) VALUES('2022-07-31 19:15:00','2022-08-01 20:30:00',61,3,2);
INSERT INTO OrderDetail (Checkindate,Checkoutdate,Orders_id,Room_id,Counts) VALUES('2022-08-01 20:00:00','2022-08-02 21:15:00',62,1,3);
INSERT INTO OrderDetail (Checkindate,Checkoutdate,Orders_id,Room_id,Counts) VALUES('2022-08-02 20:45:00','2022-08-03 22:00:00',63,2,1);
INSERT INTO OrderDetail (Checkindate,Checkoutdate,Orders_id,Room_id,Counts) VALUES('2022-08-03 21:30:00','2022-08-04 22:45:00',64,4,2);
INSERT INTO OrderDetail (Checkindate,Checkoutdate,Orders_id,Room_id,Counts) VALUES('2022-08-04 22:15:00','2022-08-05 23:30:00',65,3,4);
INSERT INTO OrderDetail (Checkindate,Checkoutdate,Orders_id,Room_id,Counts) VALUES('2022-08-05 23:00:00','2022-08-06 00:15:00',66,1,3);
INSERT INTO OrderDetail (Checkindate,Checkoutdate,Orders_id,Room_id,Counts) VALUES('2022-08-06 23:45:00','2022-08-07 01:00:00',67,2,1);
INSERT INTO OrderDetail (Checkindate,Checkoutdate,Orders_id,Room_id,Counts) VALUES('2022-08-07 00:30:00','2022-08-08 01:45:00',68,4,2);
INSERT INTO OrderDetail (Checkindate,Checkoutdate,Orders_id,Room_id,Counts) VALUES('2022-08-08 01:15:00','2022-08-09 02:30:00',69,3,4);
INSERT INTO OrderDetail (Checkindate,Checkoutdate,Orders_id,Room_id,Counts) VALUES('2022-08-09 02:00:00','2022-08-10 03:15:00',70,1,3);
INSERT INTO OrderDetail (Checkindate,Checkoutdate,Orders_id,Room_id,Counts) VALUES('2022-08-10 02:45:00','2022-08-11 04:00:00',71,4,1);
INSERT INTO OrderDetail (Checkindate,Checkoutdate,Orders_id,Room_id,Counts) VALUES('2022-08-11 04:15:00','2022-08-12 05:30:00',72,2,4);
INSERT INTO OrderDetail (Checkindate,Checkoutdate,Orders_id,Room_id,Counts) VALUES('2022-08-12 05:00:00','2022-08-13 06:15:00',73,3,2);
INSERT INTO OrderDetail (Checkindate,Checkoutdate,Orders_id,Room_id,Counts) VALUES('2022-08-13 05:45:00','2022-08-14 07:00:00',74,1,3);
INSERT INTO OrderDetail (Checkindate,Checkoutdate,Orders_id,Room_id,Counts) VALUES('2022-08-14 06:30:00','2022-08-15 07:45:00',75,2,1);
INSERT INTO OrderDetail (Checkindate,Checkoutdate,Orders_id,Room_id,Counts) VALUES('2022-08-15 07:15:00','2022-08-16 08:30:00',76,4,2);
INSERT INTO OrderDetail (Checkindate,Checkoutdate,Orders_id,Room_id,Counts) VALUES('2022-08-16 08:00:00','2022-08-17 09:15:00',77,3,4);
INSERT INTO OrderDetail (Checkindate,Checkoutdate,Orders_id,Room_id,Counts) VALUES('2022-08-17 08:45:00','2022-08-18 10:00:00',78,1,3);
INSERT INTO OrderDetail (Checkindate,Checkoutdate,Orders_id,Room_id,Counts) VALUES('2022-08-18 09:30:00','2022-08-19 10:45:00',79,2,1);
INSERT INTO OrderDetail (Checkindate,Checkoutdate,Orders_id,Room_id,Counts) VALUES('2022-08-19 10:15:00','2022-08-20 11:30:00',80,4,2);
INSERT INTO OrderDetail (Checkindate,Checkoutdate,Orders_id,Room_id,Counts) VALUES('2022-08-20 11:00:00','2022-08-21 12:15:00',81,3,4);
INSERT INTO OrderDetail (Checkindate,Checkoutdate,Orders_id,Room_id,Counts) VALUES('2022-08-21 11:45:00','2022-08-22 13:00:00',82,1,3);
INSERT INTO OrderDetail (Checkindate,Checkoutdate,Orders_id,Room_id,Counts) VALUES('2022-08-22 12:30:00','2022-08-23 13:45:00',83,4,1);
INSERT INTO OrderDetail (Checkindate,Checkoutdate,Orders_id,Room_id,Counts) VALUES('2022-08-23 13:15:00','2022-08-24 14:30:00',84,2,4);
INSERT INTO OrderDetail (Checkindate,Checkoutdate,Orders_id,Room_id,Counts) VALUES('2022-08-24 14:00:00','2022-08-25 15:15:00',85,3,2);
INSERT INTO OrderDetail (Checkindate,Checkoutdate,Orders_id,Room_id,Counts) VALUES('2022-08-25 14:45:00','2022-08-26 16:00:00',86,1,3);
INSERT INTO OrderDetail (Checkindate,Checkoutdate,Orders_id,Room_id,Counts) VALUES('2022-08-26 15:30:00','2022-08-27 16:45:00',87,2,1);
INSERT INTO OrderDetail (Checkindate,Checkoutdate,Orders_id,Room_id,Counts) VALUES('2022-08-27 16:15:00','2022-08-28 17:30:00',88,4,2);
INSERT INTO OrderDetail (Checkindate,Checkoutdate,Orders_id,Room_id,Counts) VALUES('2022-08-28 17:00:00','2022-08-29 18:15:00',89,3,4);
INSERT INTO OrderDetail (Checkindate,Checkoutdate,Orders_id,Room_id,Counts) VALUES('2022-08-29 17:45:00','2022-08-30 19:00:00',90,1,3);
INSERT INTO OrderDetail (Checkindate,Checkoutdate,Orders_id,Room_id,Counts) VALUES('2022-08-30 18:30:00','2022-08-31 19:45:00',91,2,1);
INSERT INTO OrderDetail (Checkindate,Checkoutdate,Orders_id,Room_id,Counts) VALUES('2022-08-31 19:15:00','2022-09-01 20:30:00',92,4,2);
INSERT INTO OrderDetail (Checkindate,Checkoutdate,Orders_id,Room_id,Counts) VALUES('2022-09-01 20:00:00','2022-09-02 21:15:00',93,3,4);
INSERT INTO OrderDetail (Checkindate,Checkoutdate,Orders_id,Room_id,Counts) VALUES('2022-09-02 20:45:00','2022-09-03 22:00:00',94,1,3);
INSERT INTO OrderDetail (Checkindate,Checkoutdate,Orders_id,Room_id,Counts) VALUES('2022-09-03 21:30:00','2022-09-04 22:45:00',95,4,1);
INSERT INTO OrderDetail (Checkindate,Checkoutdate,Orders_id,Room_id,Counts) VALUES('2022-09-04 22:15:00','2022-09-05 23:30:00',96,2,4);
INSERT INTO OrderDetail (Checkindate,Checkoutdate,Orders_id,Room_id,Counts) VALUES('2022-09-05 23:00:00','2022-09-06 00:15:00',97,3,2);
INSERT INTO OrderDetail (Checkindate,Checkoutdate,Orders_id,Room_id,Counts) VALUES('2022-09-06 23:45:00','2022-09-07 01:00:00',98,1,3);
INSERT INTO OrderDetail (Checkindate,Checkoutdate,Orders_id,Room_id,Counts) VALUES('2022-09-07 00:30:00','2022-09-08 01:45:00',99,2,1);
INSERT INTO OrderDetail (Checkindate,Checkoutdate,Orders_id,Room_id,Counts) VALUES('2022-09-08 01:15:00','2022-09-09 02:30:00',100,4,2);
INSERT INTO OrderDetail (Checkindate,Checkoutdate,Orders_id,Room_id,Counts) VALUES('2022-09-09 02:00:00','2022-09-10 03:15:00',101,3,4);
INSERT INTO OrderDetail (Checkindate,Checkoutdate,Orders_id,Room_id,Counts) VALUES('2022-09-10 02:45:00','2022-09-11 04:00:00',102,1,3);
INSERT INTO OrderDetail (Checkindate,Checkoutdate,Orders_id,Room_id,Counts) VALUES('2022-09-11 04:15:00','2022-09-12 05:30:00',103,2,1);
INSERT INTO OrderDetail (Checkindate,Checkoutdate,Orders_id,Room_id,Counts) VALUES('2022-09-12 05:00:00','2022-09-13 06:15:00',104,4,2);
INSERT INTO OrderDetail (Checkindate,Checkoutdate,Orders_id,Room_id,Counts) VALUES('2022-09-13 05:45:00','2022-09-14 07:00:00',105,3,4);
INSERT INTO OrderDetail (Checkindate,Checkoutdate,Orders_id,Room_id,Counts) VALUES('2022-09-14 06:30:00','2022-09-15 07:45:00',106,1,3);
INSERT INTO OrderDetail (Checkindate,Checkoutdate,Orders_id,Room_id,Counts) VALUES('2022-09-15 07:15:00','2022-09-16 08:30:00',107,4,1);
INSERT INTO OrderDetail (Checkindate,Checkoutdate,Orders_id,Room_id,Counts) VALUES('2022-09-16 08:00:00','2022-09-17 09:15:00',108,2,4);
INSERT INTO OrderDetail (Checkindate,Checkoutdate,Orders_id,Room_id,Counts) VALUES('2022-09-17 08:45:00','2022-09-18 10:00:00',109,3,2);
INSERT INTO OrderDetail (Checkindate,Checkoutdate,Orders_id,Room_id,Counts) VALUES('2022-09-18 09:30:00','2022-09-19 10:45:00',110,1,3);
INSERT INTO OrderDetail (Checkindate,Checkoutdate,Orders_id,Room_id,Counts) VALUES('2022-09-19 10:15:00','2022-09-20 11:30:00',111,2,1);
INSERT INTO OrderDetail (Checkindate,Checkoutdate,Orders_id,Room_id,Counts) VALUES('2022-09-20 11:00:00','2022-09-21 12:15:00',112,4,2);
INSERT INTO OrderDetail (Checkindate,Checkoutdate,Orders_id,Room_id,Counts) VALUES('2022-09-21 11:45:00','2022-09-22 13:00:00',113,3,4);
INSERT INTO OrderDetail (Checkindate,Checkoutdate,Orders_id,Room_id,Counts) VALUES('2022-09-22 12:30:00','2022-09-23 13:45:00',114,1,3);
INSERT INTO OrderDetail (Checkindate,Checkoutdate,Orders_id,Room_id,Counts) VALUES('2022-09-23 13:15:00','2022-09-24 14:30:00',115,2,1);
INSERT INTO OrderDetail (Checkindate,Checkoutdate,Orders_id,Room_id,Counts) VALUES('2022-09-24 14:00:00','2022-09-25 15:15:00',116,4,2);
INSERT INTO OrderDetail (Checkindate,Checkoutdate,Orders_id,Room_id,Counts) VALUES('2022-09-25 14:45:00','2022-09-26 16:00:00',117,3,4);
INSERT INTO OrderDetail (Checkindate,Checkoutdate,Orders_id,Room_id,Counts) VALUES('2022-09-26 15:30:00','2022-09-27 16:45:00',118,1,3);
INSERT INTO OrderDetail (Checkindate,Checkoutdate,Orders_id,Room_id,Counts) VALUES('2022-09-27 16:15:00','2022-09-28 17:30:00',119,4,1);
INSERT INTO OrderDetail (Checkindate,Checkoutdate,Orders_id,Room_id,Counts) VALUES('2022-09-28 17:00:00','2022-09-29 18:15:00',120,2,4);
INSERT INTO OrderDetail (Checkindate,Checkoutdate,Orders_id,Room_id,Counts) VALUES('2022-09-29 17:45:00','2022-09-30 19:00:00',121,3,2);
INSERT INTO OrderDetail (Checkindate,Checkoutdate,Orders_id,Room_id,Counts) VALUES('2022-09-30 18:30:00','2022-10-01 19:45:00',122,1,3);
INSERT INTO OrderDetail (Checkindate,Checkoutdate,Orders_id,Room_id,Counts) VALUES('2022-10-01 19:15:00','2022-10-02 20:30:00',123,2,1);
INSERT INTO OrderDetail (Checkindate,Checkoutdate,Orders_id,Room_id,Counts) VALUES('2022-10-02 20:00:00','2022-10-03 21:15:00',124,4,2);
INSERT INTO OrderDetail (Checkindate,Checkoutdate,Orders_id,Room_id,Counts) VALUES('2022-10-03 20:45:00','2022-10-04 22:00:00',125,3,4);
INSERT INTO OrderDetail (Checkindate,Checkoutdate,Orders_id,Room_id,Counts) VALUES('2022-10-04 21:30:00','2022-10-05 22:45:00',126,1,3);
INSERT INTO OrderDetail (Checkindate,Checkoutdate,Orders_id,Room_id,Counts) VALUES('2022-10-05 22:15:00','2022-10-06 23:30:00',127,2,1);
INSERT INTO OrderDetail (Checkindate,Checkoutdate,Orders_id,Room_id,Counts) VALUES('2022-10-06 23:00:00','2022-10-07 00:15:00',128,4,2);
INSERT INTO OrderDetail (Checkindate,Checkoutdate,Orders_id,Room_id,Counts) VALUES('2022-10-07 23:45:00','2022-10-08 01:00:00',129,3,4);
INSERT INTO OrderDetail (Checkindate,Checkoutdate,Orders_id,Room_id,Counts) VALUES('2022-10-08 00:30:00','2022-10-09 01:45:00',130,1,3);
INSERT INTO OrderDetail (Checkindate,Checkoutdate,Orders_id,Room_id,Counts) VALUES('2022-10-09 01:15:00','2022-10-10 02:30:00',131,4,1);
INSERT INTO OrderDetail (Checkindate,Checkoutdate,Orders_id,Room_id,Counts) VALUES('2022-10-10 02:00:00','2022-10-11 03:15:00',132,2,4);
INSERT INTO OrderDetail (Checkindate,Checkoutdate,Orders_id,Room_id,Counts) VALUES('2022-10-11 02:45:00','2022-10-12 04:00:00',133,3,2);
INSERT INTO OrderDetail (Checkindate,Checkoutdate,Orders_id,Room_id,Counts) VALUES('2022-10-12 03:30:00','2022-10-13 04:45:00',134,1,3);
INSERT INTO OrderDetail (Checkindate,Checkoutdate,Orders_id,Room_id,Counts) VALUES('2022-10-13 04:15:00','2022-10-14 05:30:00',135,2,1);
INSERT INTO OrderDetail (Checkindate,Checkoutdate,Orders_id,Room_id,Counts) VALUES('2022-10-14 05:00:00','2022-10-15 06:15:00',136,4,2);
INSERT INTO OrderDetail (Checkindate,Checkoutdate,Orders_id,Room_id,Counts) VALUES('2022-10-15 05:45:00','2022-10-16 07:00:00',137,3,4);
INSERT INTO OrderDetail (Checkindate,Checkoutdate,Orders_id,Room_id,Counts) VALUES('2022-10-16 06:30:00','2022-10-17 07:45:00',138,1,3);
INSERT INTO OrderDetail (Checkindate,Checkoutdate,Orders_id,Room_id,Counts) VALUES('2022-10-17 07:15:00','2022-10-18 08:30:00',139,2,1);
INSERT INTO OrderDetail (Checkindate,Checkoutdate,Orders_id,Room_id,Counts) VALUES('2022-10-18 08:00:00','2022-10-19 09:15:00',140,4,2);
INSERT INTO OrderDetail (Checkindate,Checkoutdate,Orders_id,Room_id,Counts) VALUES('2022-10-19 08:45:00','2022-10-20 10:00:00',141,3,4);
INSERT INTO OrderDetail (Checkindate,Checkoutdate,Orders_id,Room_id,Counts) VALUES('2022-10-20 09:30:00','2022-10-21 10:45:00',142,1,3);
INSERT INTO OrderDetail (Checkindate,Checkoutdate,Orders_id,Room_id,Counts) VALUES('2022-10-21 10:15:00','2022-10-22 11:30:00',143,4,1);
INSERT INTO OrderDetail (Checkindate,Checkoutdate,Orders_id,Room_id,Counts) VALUES('2022-10-22 11:00:00','2022-10-23 12:15:00',144,2,4);
INSERT INTO OrderDetail (Checkindate,Checkoutdate,Orders_id,Room_id,Counts) VALUES('2022-10-23 11:45:00','2022-10-24 13:00:00',145,3,2);
INSERT INTO OrderDetail (Checkindate,Checkoutdate,Orders_id,Room_id,Counts) VALUES('2022-10-24 12:30:00','2022-10-25 13:45:00',146,1,3);
INSERT INTO OrderDetail (Checkindate,Checkoutdate,Orders_id,Room_id,Counts) VALUES('2022-10-25 13:15:00','2022-10-26 14:30:00',147,2,1);
INSERT INTO OrderDetail (Checkindate,Checkoutdate,Orders_id,Room_id,Counts) VALUES('2022-10-26 14:00:00','2022-10-27 15:15:00',148,4,2);
INSERT INTO OrderDetail (Checkindate,Checkoutdate,Orders_id,Room_id,Counts) VALUES('2022-10-27 14:45:00','2022-10-28 16:00:00',149,3,4);
INSERT INTO OrderDetail (Checkindate,Checkoutdate,Orders_id,Room_id,Counts) VALUES('2022-10-28 15:30:00','2022-10-29 16:45:00',150,1,3);
INSERT INTO OrderDetail (Checkindate,Checkoutdate,Orders_id,Room_id,Counts) VALUES('2022-10-29 16:15:00','2022-10-30 17:30:00',151,2,1);
INSERT INTO OrderDetail (Checkindate,Checkoutdate,Orders_id,Room_id,Counts) VALUES('2022-10-30 17:00:00','2022-10-31 18:15:00',152,4,2);
INSERT INTO OrderDetail (Checkindate,Checkoutdate,Orders_id,Room_id,Counts) VALUES('2022-10-31 17:45:00','2022-11-01 19:00:00',153,3,4);
INSERT INTO OrderDetail (Checkindate,Checkoutdate,Orders_id,Room_id,Counts) VALUES('2022-11-01 18:30:00','2022-11-02 19:45:00',154,1,3);
INSERT INTO OrderDetail (Checkindate,Checkoutdate,Orders_id,Room_id,Counts) VALUES('2022-11-02 19:15:00','2022-11-03 20:30:00',155,4,1);
INSERT INTO OrderDetail (Checkindate,Checkoutdate,Orders_id,Room_id,Counts) VALUES('2022-11-03 20:00:00','2022-11-04 21:15:00',156,2,4);
INSERT INTO OrderDetail (Checkindate,Checkoutdate,Orders_id,Room_id,Counts) VALUES('2022-11-04 20:45:00','2022-11-05 22:00:00',157,3,2);
INSERT INTO OrderDetail (Checkindate,Checkoutdate,Orders_id,Room_id,Counts) VALUES('2022-11-05 21:30:00','2022-11-06 22:45:00',158,1,3);
INSERT INTO OrderDetail (Checkindate,Checkoutdate,Orders_id,Room_id,Counts) VALUES('2022-11-06 22:15:00','2022-11-07 23:30:00',159,2,1);
INSERT INTO OrderDetail (Checkindate,Checkoutdate,Orders_id,Room_id,Counts) VALUES('2022-11-07 23:00:00','2022-11-08 00:15:00',160,4,2);
INSERT INTO OrderDetail (Checkindate,Checkoutdate,Orders_id,Room_id,Counts) VALUES('2022-11-08 23:45:00','2022-11-09 01:00:00',161,3,4);
INSERT INTO OrderDetail (Checkindate,Checkoutdate,Orders_id,Room_id,Counts) VALUES('2022-11-09 00:30:00','2022-11-10 01:45:00',162,1,3);
INSERT INTO OrderDetail (Checkindate,Checkoutdate,Orders_id,Room_id,Counts) VALUES('2022-11-10 01:15:00','2022-11-11 02:30:00',163,2,1);
INSERT INTO OrderDetail (Checkindate,Checkoutdate,Orders_id,Room_id,Counts) VALUES('2022-11-11 02:00:00','2022-11-12 03:15:00',164,4,2);
INSERT INTO OrderDetail (Checkindate,Checkoutdate,Orders_id,Room_id,Counts) VALUES('2022-11-12 02:45:00','2022-11-13 04:00:00',165,3,4);
INSERT INTO OrderDetail (Checkindate,Checkoutdate,Orders_id,Room_id,Counts) VALUES('2022-11-13 03:30:00','2022-11-14 04:45:00',166,1,3);
INSERT INTO OrderDetail (Checkindate,Checkoutdate,Orders_id,Room_id,Counts) VALUES('2022-11-14 04:15:00','2022-11-15 05:30:00',167,4,1);
INSERT INTO OrderDetail (Checkindate,Checkoutdate,Orders_id,Room_id,Counts) VALUES('2022-11-15 05:00:00','2022-11-16 06:15:00',168,2,4);
INSERT INTO OrderDetail (Checkindate,Checkoutdate,Orders_id,Room_id,Counts) VALUES('2022-11-16 05:45:00','2022-11-17 07:00:00',169,3,2);
INSERT INTO OrderDetail (Checkindate,Checkoutdate,Orders_id,Room_id,Counts) VALUES('2022-11-17 06:30:00','2022-11-18 07:45:00',170,1,3);
INSERT INTO OrderDetail (Checkindate,Checkoutdate,Orders_id,Room_id,Counts) VALUES('2022-11-18 07:15:00','2022-11-19 08:30:00',171,2,1);
INSERT INTO OrderDetail (Checkindate,Checkoutdate,Orders_id,Room_id,Counts) VALUES('2022-11-19 08:00:00','2022-11-20 09:15:00',172,4,2);
INSERT INTO OrderDetail (Checkindate,Checkoutdate,Orders_id,Room_id,Counts) VALUES('2022-11-20 08:45:00','2022-11-21 10:00:00',173,3,4);
INSERT INTO OrderDetail (Checkindate,Checkoutdate,Orders_id,Room_id,Counts) VALUES('2022-11-21 09:30:00','2022-11-22 10:45:00',174,1,3);
INSERT INTO OrderDetail (Checkindate,Checkoutdate,Orders_id,Room_id,Counts) VALUES('2022-11-22 10:15:00','2022-11-23 11:30:00',175,2,1);
INSERT INTO OrderDetail (Checkindate,Checkoutdate,Orders_id,Room_id,Counts) VALUES('2022-11-23 11:00:00','2022-11-24 12:15:00',176,4,2);
INSERT INTO OrderDetail (Checkindate,Checkoutdate,Orders_id,Room_id,Counts) VALUES('2022-11-24 11:45:00','2022-11-25 13:00:00',177,3,4);
INSERT INTO OrderDetail (Checkindate,Checkoutdate,Orders_id,Room_id,Counts) VALUES('2022-11-25 12:30:00','2022-11-26 13:45:00',178,1,3);
INSERT INTO OrderDetail (Checkindate,Checkoutdate,Orders_id,Room_id,Counts) VALUES('2022-11-26 13:15:00','2022-11-27 14:30:00',179,4,1);
INSERT INTO OrderDetail (Checkindate,Checkoutdate,Orders_id,Room_id,Counts) VALUES('2022-11-27 14:00:00','2022-11-28 15:15:00',180,2,4);
INSERT INTO OrderDetail (Checkindate,Checkoutdate,Orders_id,Room_id,Counts) VALUES('2022-11-28 14:45:00','2022-11-29 16:00:00',181,3,2);
INSERT INTO OrderDetail (Checkindate,Checkoutdate,Orders_id,Room_id,Counts) VALUES('2022-11-29 15:30:00','2022-11-30 16:45:00',182,1,3);
INSERT INTO OrderDetail (Checkindate,Checkoutdate,Orders_id,Room_id,Counts) VALUES('2022-11-30 16:15:00','2022-12-01 17:30:00',183,2,1);
INSERT INTO OrderDetail (Checkindate,Checkoutdate,Orders_id,Room_id,Counts) VALUES('2022-12-01 17:00:00','2022-12-02 18:15:00',184,4,2);
INSERT INTO OrderDetail (Checkindate,Checkoutdate,Orders_id,Room_id,Counts) VALUES('2022-12-02 17:45:00','2022-12-03 19:00:00',185,3,4);
INSERT INTO OrderDetail (Checkindate,Checkoutdate,Orders_id,Room_id,Counts) VALUES('2022-12-03 18:30:00','2022-12-04 19:45:00',186,1,3);
INSERT INTO OrderDetail (Checkindate,Checkoutdate,Orders_id,Room_id,Counts) VALUES('2022-12-04 19:15:00','2022-12-05 20:30:00',187,2,1);
INSERT INTO OrderDetail (Checkindate,Checkoutdate,Orders_id,Room_id,Counts) VALUES('2022-12-05 20:00:00','2022-12-06 21:15:00',188,4,2);
INSERT INTO OrderDetail (Checkindate,Checkoutdate,Orders_id,Room_id,Counts) VALUES('2022-12-06 20:45:00','2022-12-07 22:00:00',189,3,4);
INSERT INTO OrderDetail (Checkindate,Checkoutdate,Orders_id,Room_id,Counts) VALUES('2022-12-07 21:30:00','2022-12-08 22:45:00',190,1,3);
INSERT INTO OrderDetail (Checkindate,Checkoutdate,Orders_id,Room_id,Counts) VALUES('2022-12-08 22:15:00','2022-12-09 23:30:00',191,4,1);
INSERT INTO OrderDetail (Checkindate,Checkoutdate,Orders_id,Room_id,Counts) VALUES('2022-12-09 23:00:00','2022-12-10 00:15:00',192,2,4);
INSERT INTO OrderDetail (Checkindate,Checkoutdate,Orders_id,Room_id,Counts) VALUES('2022-12-10 23:45:00','2022-12-11 01:00:00',193,3,2);
INSERT INTO OrderDetail (Checkindate,Checkoutdate,Orders_id,Room_id,Counts) VALUES('2022-12-11 00:30:00','2022-12-12 01:45:00',194,1,3);
INSERT INTO OrderDetail (Checkindate,Checkoutdate,Orders_id,Room_id,Counts) VALUES('2022-12-12 01:15:00','2022-12-13 02:30:00',195,2,1);
INSERT INTO OrderDetail (Checkindate,Checkoutdate,Orders_id,Room_id,Counts) VALUES('2022-12-13 02:00:00','2022-12-14 03:15:00',196,4,2);
INSERT INTO OrderDetail (Checkindate,Checkoutdate,Orders_id,Room_id,Counts) VALUES('2022-12-14 02:45:00','2022-12-15 04:00:00',197,3,4);
INSERT INTO OrderDetail (Checkindate,Checkoutdate,Orders_id,Room_id,Counts) VALUES('2022-12-15 03:30:00','2022-12-16 04:45:00',198,1,3);
INSERT INTO OrderDetail (Checkindate,Checkoutdate,Orders_id,Room_id,Counts) VALUES('2022-12-16 04:15:00','2022-12-17 05:30:00',199,2,1);
INSERT INTO OrderDetail (Checkindate,Checkoutdate,Orders_id,Room_id,Counts) VALUES('2022-12-17 05:00:00','2022-12-18 06:15:00',200,4,2);
INSERT INTO OrderDetail (Checkindate,Checkoutdate,Orders_id,Room_id,Counts) VALUES('2022-12-18 05:45:00','2022-12-19 07:00:00',201,3,4);
INSERT INTO OrderDetail (Checkindate,Checkoutdate,Orders_id,Room_id,Counts) VALUES('2022-12-19 06:30:00','2022-12-20 07:45:00',202,1,3);
INSERT INTO OrderDetail (Checkindate,Checkoutdate,Orders_id,Room_id,Counts) VALUES('2022-12-20 07:15:00','2022-12-21 08:30:00',203,4,1);
INSERT INTO OrderDetail (Checkindate,Checkoutdate,Orders_id,Room_id,Counts) VALUES('2022-12-21 08:00:00','2022-12-22 09:15:00',204,2,2);
INSERT INTO OrderDetail (Checkindate,Checkoutdate,Orders_id,Room_id,Counts) VALUES('2022-12-22 08:45:00','2022-12-23 10:00:00',205,3,4);
INSERT INTO OrderDetail (Checkindate,Checkoutdate,Orders_id,Room_id,Counts) VALUES('2022-12-23 09:30:00','2022-12-24 10:45:00',206,1,3);
INSERT INTO OrderDetail (Checkindate,Checkoutdate,Orders_id,Room_id,Counts) VALUES('2022-12-24 10:15:00','2022-12-25 11:30:00',207,2,1);
INSERT INTO OrderDetail (Checkindate,Checkoutdate,Orders_id,Room_id,Counts) VALUES('2022-12-25 11:00:00','2022-12-26 12:15:00',208,4,4);
INSERT INTO OrderDetail (Checkindate,Checkoutdate,Orders_id,Room_id,Counts) VALUES('2022-12-26 11:45:00','2022-12-27 13:00:00',209,3,2);
INSERT INTO OrderDetail (Checkindate,Checkoutdate,Orders_id,Room_id,Counts) VALUES('2022-12-27 12:30:00','2022-12-28 13:45:00',210,1,3);
INSERT INTO OrderDetail (Checkindate,Checkoutdate,Orders_id,Room_id,Counts) VALUES('2022-12-28 13:15:00','2022-12-29 14:30:00',211,2,1);
INSERT INTO OrderDetail (Checkindate,Checkoutdate,Orders_id,Room_id,Counts) VALUES('2022-12-29 14:00:00','2022-12-30 15:15:00',212,4,2);
INSERT INTO OrderDetail (Checkindate,Checkoutdate,Orders_id,Room_id,Counts) VALUES('2022-12-30 14:45:00','2022-12-31 16:00:00',213,3,4);
INSERT INTO OrderDetail (Checkindate,Checkoutdate,Orders_id,Room_id,Counts) VALUES('2022-12-31 15:30:00','2023-01-01 16:45:00',214,1,3);
INSERT INTO OrderDetail (Checkindate,Checkoutdate,Orders_id,Room_id,Counts) VALUES('2023-01-01 08:00:00','2023-01-02 09:15:00',215,4,1);
INSERT INTO OrderDetail (Checkindate,Checkoutdate,Orders_id,Room_id,Counts) VALUES('2023-01-02 10:30:00','2023-01-03 11:45:00',216,2,2);
INSERT INTO OrderDetail (Checkindate,Checkoutdate,Orders_id,Room_id,Counts) VALUES('2023-01-03 12:15:00','2023-01-04 13:30:00',217,3,4);
INSERT INTO OrderDetail (Checkindate,Checkoutdate,Orders_id,Room_id,Counts) VALUES('2023-01-04 14:45:00','2023-01-05 15:00:00',218,1,3);
INSERT INTO OrderDetail (Checkindate,Checkoutdate,Orders_id,Room_id,Counts) VALUES('2023-01-05 09:00:00','2023-01-06 10:15:00',219,2,1);
INSERT INTO OrderDetail (Checkindate,Checkoutdate,Orders_id,Room_id,Counts) VALUES('2023-01-06 11:30:00','2023-01-07 12:45:00',220,4,4);
INSERT INTO OrderDetail (Checkindate,Checkoutdate,Orders_id,Room_id,Counts) VALUES('2023-01-07 13:00:00','2023-01-08 14:15:00',221,3,2);
INSERT INTO OrderDetail (Checkindate,Checkoutdate,Orders_id,Room_id,Counts) VALUES('2023-01-08 02:00:00','2023-01-09 03:15:00',222,1,3);
INSERT INTO OrderDetail (Checkindate,Checkoutdate,Orders_id,Room_id,Counts) VALUES('2023-01-09 02:45:00','2023-01-10 03:00:00',223,2,1);
INSERT INTO OrderDetail (Checkindate,Checkoutdate,Orders_id,Room_id,Counts) VALUES('2023-01-10 03:30:00','2023-01-11 04:45:00',224,4,2);
INSERT INTO OrderDetail (Checkindate,Checkoutdate,Orders_id,Room_id,Counts) VALUES('2023-01-11 04:15:00','2023-01-12 05:30:00',225,3,4);
INSERT INTO OrderDetail (Checkindate,Checkoutdate,Orders_id,Room_id,Counts) VALUES('2023-01-12 05:00:00','2023-01-13 06:15:00',226,1,3);
INSERT INTO OrderDetail (Checkindate,Checkoutdate,Orders_id,Room_id,Counts) VALUES('2023-01-13 05:45:00','2023-01-14 07:00:00',227,4,1);
INSERT INTO OrderDetail (Checkindate,Checkoutdate,Orders_id,Room_id,Counts) VALUES('2023-01-14 06:30:00','2023-01-15 07:45:00',228,2,2);
INSERT INTO OrderDetail (Checkindate,Checkoutdate,Orders_id,Room_id,Counts) VALUES('2023-01-15 07:15:00','2023-01-16 08:30:00',229,3,4);
INSERT INTO OrderDetail (Checkindate,Checkoutdate,Orders_id,Room_id,Counts) VALUES('2023-01-16 08:00:00','2023-01-17 09:15:00',230,1,3);
INSERT INTO OrderDetail (Checkindate,Checkoutdate,Orders_id,Room_id,Counts) VALUES('2023-01-17 08:45:00','2023-01-18 10:00:00',231,2,1);
INSERT INTO OrderDetail (Checkindate,Checkoutdate,Orders_id,Room_id,Counts) VALUES('2023-01-18 09:45:00','2023-01-19 11:00:00',232,4,4);
INSERT INTO OrderDetail (Checkindate,Checkoutdate,Orders_id,Room_id,Counts) VALUES('2023-01-19 10:15:00','2023-01-20 11:30:00',233,3,2);
INSERT INTO OrderDetail (Checkindate,Checkoutdate,Orders_id,Room_id,Counts) VALUES('2023-01-20 11:00:00','2023-01-21 12:15:00',234,1,3);
INSERT INTO OrderDetail (Checkindate,Checkoutdate,Orders_id,Room_id,Counts) VALUES('2023-01-21 11:45:00','2023-01-22 13:00:00',235,2,1);
INSERT INTO OrderDetail (Checkindate,Checkoutdate,Orders_id,Room_id,Counts) VALUES('2023-01-22 12:30:00','2023-01-23 13:45:00',236,4,2);
INSERT INTO OrderDetail (Checkindate,Checkoutdate,Orders_id,Room_id,Counts) VALUES('2023-01-23 13:15:00','2023-01-24 14:30:00',237,3,1);
INSERT INTO OrderDetail (Checkindate,Checkoutdate,Orders_id,Room_id,Counts) VALUES('2023-01-24 14:00:00','2023-01-25 15:15:00',238,1,4);
INSERT INTO OrderDetail (Checkindate,Checkoutdate,Orders_id,Room_id,Counts) VALUES('2023-01-25 14:45:00','2023-01-26 16:00:00',239,4,2);
INSERT INTO OrderDetail (Checkindate,Checkoutdate,Orders_id,Room_id,Counts) VALUES('2023-01-26 15:30:00','2023-01-27 16:45:00',240,2,3);
INSERT INTO OrderDetail (Checkindate,Checkoutdate,Orders_id,Room_id,Counts) VALUES('2023-01-27 16:15:00','2023-01-28 17:30:00',241,3,1);
INSERT INTO OrderDetail (Checkindate,Checkoutdate,Orders_id,Room_id,Counts) VALUES('2023-01-28 17:00:00','2023-01-29 18:15:00',242,1,2);
INSERT INTO OrderDetail (Checkindate,Checkoutdate,Orders_id,Room_id,Counts) VALUES('2023-01-29 17:45:00','2023-01-30 19:00:00',243,2,4);
INSERT INTO OrderDetail (Checkindate,Checkoutdate,Orders_id,Room_id,Counts) VALUES('2023-01-30 18:30:00','2023-01-31 19:45:00',244,4,3);
INSERT INTO OrderDetail (Checkindate,Checkoutdate,Orders_id,Room_id,Counts) VALUES('2023-01-31 19:15:00','2023-02-01 20:30:00',245,3,1);
INSERT INTO OrderDetail (Checkindate,Checkoutdate,Orders_id,Room_id,Counts) VALUES('2023-02-01 20:00:00','2023-02-02 21:15:00',246,1,2);
INSERT INTO OrderDetail (Checkindate,Checkoutdate,Orders_id,Room_id,Counts) VALUES('2023-02-02 20:45:00','2023-02-03 22:00:00',247,2,4);
INSERT INTO OrderDetail (Checkindate,Checkoutdate,Orders_id,Room_id,Counts) VALUES('2023-02-03 21:30:00','2023-02-04 22:45:00',248,4,3);
INSERT INTO OrderDetail (Checkindate,Checkoutdate,Orders_id,Room_id,Counts) VALUES('2023-02-04 22:15:00','2023-02-05 23:30:00',249,3,1);
INSERT INTO OrderDetail (Checkindate,Checkoutdate,Orders_id,Room_id,Counts) VALUES('2023-02-05 23:00:00','2023-02-06 00:15:00',250,1,4);
INSERT INTO OrderDetail (Checkindate,Checkoutdate,Orders_id,Room_id,Counts) VALUES('2023-02-06 23:45:00','2023-02-07 01:00:00',251,4,2);
INSERT INTO OrderDetail (Checkindate,Checkoutdate,Orders_id,Room_id,Counts) VALUES('2023-02-07 15:45:00','2023-02-08 17:00:00',252,2,3);
INSERT INTO OrderDetail (Checkindate,Checkoutdate,Orders_id,Room_id,Counts) VALUES('2023-02-08 03:10:00','2023-02-09 04:25:00',253,3,1);
INSERT INTO OrderDetail (Checkindate,Checkoutdate,Orders_id,Room_id,Counts) VALUES('2023-02-09 08:00:00','2023-02-10 09:15:00',254,1,2);
INSERT INTO OrderDetail (Checkindate,Checkoutdate,Orders_id,Room_id,Counts) VALUES('2023-02-10 08:15:00','2023-02-11 09:30:00',255,2,4);
INSERT INTO OrderDetail (Checkindate,Checkoutdate,Orders_id,Room_id,Counts) VALUES('2023-02-11 08:00:00','2023-02-12 09:15:00',256,4,3);
INSERT INTO OrderDetail (Checkindate,Checkoutdate,Orders_id,Room_id,Counts) VALUES('2023-02-12 08:45:00','2023-02-13 10:00:00',257,3,1);
INSERT INTO OrderDetail (Checkindate,Checkoutdate,Orders_id,Room_id,Counts) VALUES('2023-02-13 09:15:00','2023-02-14 10:30:00',258,1,2);
INSERT INTO OrderDetail (Checkindate,Checkoutdate,Orders_id,Room_id,Counts) VALUES('2023-02-14 09:45:00','2023-02-15 11:00:00',259,2,4);
INSERT INTO OrderDetail (Checkindate,Checkoutdate,Orders_id,Room_id,Counts) VALUES('2023-02-15 10:00:00','2023-02-16 11:15:00',260,4,3);
INSERT INTO OrderDetail (Checkindate,Checkoutdate,Orders_id,Room_id,Counts) VALUES('2023-02-16 10:15:00','2023-02-17 11:30:00',261,3,1);
INSERT INTO OrderDetail (Checkindate,Checkoutdate,Orders_id,Room_id,Counts) VALUES('2023-02-17 10:30:00','2023-02-18 11:45:00',262,1,4);
INSERT INTO OrderDetail (Checkindate,Checkoutdate,Orders_id,Room_id,Counts) VALUES('2023-02-18 11:15:00','2023-02-19 12:30:00',263,4,2);
INSERT INTO OrderDetail (Checkindate,Checkoutdate,Orders_id,Room_id,Counts) VALUES('2023-02-19 11:45:00','2023-02-20 13:00:00',264,2,3);
INSERT INTO OrderDetail (Checkindate,Checkoutdate,Orders_id,Room_id,Counts) VALUES('2023-02-20 12:15:00','2023-02-21 13:30:00',265,3,1);
INSERT INTO OrderDetail (Checkindate,Checkoutdate,Orders_id,Room_id,Counts) VALUES('2023-02-21 12:30:00','2023-02-22 13:45:00',266,1,2);
INSERT INTO OrderDetail (Checkindate,Checkoutdate,Orders_id,Room_id,Counts) VALUES('2023-02-22 13:15:00','2023-02-23 14:30:00',267,2,4);
INSERT INTO OrderDetail (Checkindate,Checkoutdate,Orders_id,Room_id,Counts) VALUES('2023-02-23 14:00:00','2023-02-24 15:15:00',268,4,4);
INSERT INTO OrderDetail (Checkindate,Checkoutdate,Orders_id,Room_id,Counts) VALUES('2023-02-24 14:45:00','2023-02-25 16:00:00',269,3,2);
INSERT INTO OrderDetail (Checkindate,Checkoutdate,Orders_id,Room_id,Counts) VALUES('2023-02-25 15:30:00','2023-02-26 16:45:00',270,1,3);
INSERT INTO OrderDetail (Checkindate,Checkoutdate,Orders_id,Room_id,Counts) VALUES('2023-02-26 16:15:00','2023-02-27 17:30:00',271,2,1);
INSERT INTO OrderDetail (Checkindate,Checkoutdate,Orders_id,Room_id,Counts) VALUES('2023-02-27 17:00:00','2023-02-28 18:15:00',272,4,2);
INSERT INTO OrderDetail (Checkindate,Checkoutdate,Orders_id,Room_id,Counts) VALUES('2023-02-28 17:45:00','2023-03-01 19:00:00',273,3,4);
INSERT INTO OrderDetail (Checkindate,Checkoutdate,Orders_id,Room_id,Counts) VALUES('2023-03-01 18:30:00','2023-03-02 19:45:00',274,1,3);
INSERT INTO OrderDetail (Checkindate,Checkoutdate,Orders_id,Room_id,Counts) VALUES('2023-03-02 19:15:00','2023-03-03 20:30:00',275,4,1);
INSERT INTO OrderDetail (Checkindate,Checkoutdate,Orders_id,Room_id,Counts) VALUES('2023-03-03 20:00:00','2023-03-04 21:15:00',276,2,2);
INSERT INTO OrderDetail (Checkindate,Checkoutdate,Orders_id,Room_id,Counts) VALUES('2023-03-04 20:45:00','2023-03-05 22:00:00',277,3,4);
INSERT INTO OrderDetail (Checkindate,Checkoutdate,Orders_id,Room_id,Counts) VALUES('2023-03-05 21:30:00','2023-03-06 22:45:00',278,1,3);
INSERT INTO OrderDetail (Checkindate,Checkoutdate,Orders_id,Room_id,Counts) VALUES('2023-03-06 22:15:00','2023-03-07 23:30:00',279,2,1);
INSERT INTO OrderDetail (Checkindate,Checkoutdate,Orders_id,Room_id,Counts) VALUES('2023-03-07 23:00:00','2023-03-08 00:15:00',280,4,4);
INSERT INTO OrderDetail (Checkindate,Checkoutdate,Orders_id,Room_id,Counts) VALUES('2023-03-08 19:10:00','2023-03-09 20:25:00',281,3,2);
INSERT INTO OrderDetail (Checkindate,Checkoutdate,Orders_id,Room_id,Counts) VALUES('2023-03-09 20:30:00','2023-03-10 21:45:00',282,1,3);
INSERT INTO OrderDetail (Checkindate,Checkoutdate,Orders_id,Room_id,Counts) VALUES('2023-03-10 21:45:00','2023-03-11 23:00:00',283,2,1);
INSERT INTO OrderDetail (Checkindate,Checkoutdate,Orders_id,Room_id,Counts) VALUES('2023-03-11 23:00:00','2023-03-12 00:15:00',284,4,2);
INSERT INTO OrderDetail (Checkindate,Checkoutdate,Orders_id,Room_id,Counts) VALUES('2023-03-12 23:45:00','2023-03-13 01:00:00',285,3,4);
INSERT INTO OrderDetail (Checkindate,Checkoutdate,Orders_id,Room_id,Counts) VALUES('2023-03-13 00:45:00','2023-03-14 02:00:00',286,1,3);
INSERT INTO OrderDetail (Checkindate,Checkoutdate,Orders_id,Room_id,Counts) VALUES('2023-03-14 01:30:00','2023-03-15 02:45:00',287,4,1);
INSERT INTO OrderDetail (Checkindate,Checkoutdate,Orders_id,Room_id,Counts) VALUES('2023-03-15 02:15:00','2023-03-16 03:30:00',288,2,2);
INSERT INTO OrderDetail (Checkindate,Checkoutdate,Orders_id,Room_id,Counts) VALUES('2023-03-16 03:30:00','2023-03-17 04:45:00',289,3,4);
INSERT INTO OrderDetail (Checkindate,Checkoutdate,Orders_id,Room_id,Counts) VALUES('2023-03-17 03:45:00','2023-03-18 05:00:00',290,1,3);
INSERT INTO OrderDetail (Checkindate,Checkoutdate,Orders_id,Room_id,Counts) VALUES('2023-03-18 04:30:00','2023-03-19 05:45:00',291,2,1);
INSERT INTO OrderDetail (Checkindate,Checkoutdate,Orders_id,Room_id,Counts) VALUES('2023-03-19 05:15:00','2023-03-20 06:30:00',292,4,4);
INSERT INTO OrderDetail (Checkindate,Checkoutdate,Orders_id,Room_id,Counts) VALUES('2023-03-20 06:00:00','2023-03-21 07:15:00',293,3,2);
INSERT INTO OrderDetail (Checkindate,Checkoutdate,Orders_id,Room_id,Counts) VALUES('2023-03-21 06:45:00','2023-03-22 08:00:00',294,1,3);
INSERT INTO OrderDetail (Checkindate,Checkoutdate,Orders_id,Room_id,Counts) VALUES('2023-03-22 07:30:00','2023-03-23 08:45:00',295,2,1);
INSERT INTO OrderDetail (Checkindate,Checkoutdate,Orders_id,Room_id,Counts) VALUES('2023-03-23 08:15:00','2023-03-24 09:30:00',296,4,2);
INSERT INTO OrderDetail (Checkindate,Checkoutdate,Orders_id,Room_id,Counts) VALUES('2023-03-24 09:00:00','2023-03-25 10:15:00',297,3,1);
INSERT INTO OrderDetail (Checkindate,Checkoutdate,Orders_id,Room_id,Counts) VALUES('2023-03-25 09:45:00','2023-03-26 11:00:00',298,1,2);
INSERT INTO OrderDetail (Checkindate,Checkoutdate,Orders_id,Room_id,Counts) VALUES('2023-03-26 10:30:00','2023-03-27 11:45:00',299,4,4);



/* Review */
INSERT INTO Review( Review_id,Rating,Comment_content,Users_id,Hotel_id) VALUES(1,5,'Great stay, loved the service!',1,1);
INSERT INTO Review( Review_id,Rating,Comment_content,Users_id,Hotel_id) VALUES(2,4,'Good location, but rooms could be cleaner.',2,2);
INSERT INTO Review( Review_id,Rating,Comment_content,Users_id,Hotel_id) VALUES(3,5,'Excellent facilities and friendly staff.',3,3);
INSERT INTO Review( Review_id,Rating,Comment_content,Users_id,Hotel_id) VALUES(4,3,'Average experience, needs improvement in food.',4,4);
INSERT INTO Review( Review_id,Rating,Comment_content,Users_id,Hotel_id) VALUES(5,5,'Beautiful view from the room, highly recommended.',5,5);
INSERT INTO Review( Review_id,Rating,Comment_content,Users_id,Hotel_id) VALUES(6,4,'Decent stay, but a bit overpriced.',6,6);
INSERT INTO Review( Review_id,Rating,Comment_content,Users_id,Hotel_id) VALUES(7,5,'Impeccable service and very comfortable.',7,7);
INSERT INTO Review( Review_id,Rating,Comment_content,Users_id,Hotel_id) VALUES(8,3,'Older property, needs renovation.',8,8);
INSERT INTO Review( Review_id,Rating,Comment_content,Users_id,Hotel_id) VALUES(9,4,'Nice gym and spa, but pool was closed.',9,9);
INSERT INTO Review( Review_id,Rating,Comment_content,Users_id,Hotel_id) VALUES(10,5,'Perfect for a family vacation.',10,10);
INSERT INTO Review( Review_id,Rating,Comment_content,Users_id,Hotel_id) VALUES(11,4,'Great location, but service was slow.',11,11);
INSERT INTO Review( Review_id,Rating,Comment_content,Users_id,Hotel_id) VALUES(12,5,'Loved the breakfast and the room was spacious.',12,12);
INSERT INTO Review( Review_id,Rating,Comment_content,Users_id,Hotel_id) VALUES(13,3,'Not worth the price, very basic amenities.',13,13);
INSERT INTO Review( Review_id,Rating,Comment_content,Users_id,Hotel_id) VALUES(14,4,'Clean and comfortable, but lacked character.',14,14);
INSERT INTO Review( Review_id,Rating,Comment_content,Users_id,Hotel_id) VALUES(15,5,'Attentive staff and delicious restaurant.',15,15);
INSERT INTO Review( Review_id,Rating,Comment_content,Users_id,Hotel_id) VALUES(16,4,'Good for business trips, not so much for leisure.',16,16);
INSERT INTO Review( Review_id,Rating,Comment_content,Users_id,Hotel_id) VALUES(17,3,'Far from the city center, inconvenient.',17,17);
INSERT INTO Review( Review_id,Rating,Comment_content,Users_id,Hotel_id) VALUES(18,5,'Stunning architecture and very modern.',18,18);
INSERT INTO Review( Review_id,Rating,Comment_content,Users_id,Hotel_id) VALUES(19,4,'Nice hotel, but the internet was unreliable.',19,19);
INSERT INTO Review( Review_id,Rating,Comment_content,Users_id,Hotel_id) VALUES(20,3,'Old-fashioned and needs an update.',20,20);

